store_id,store_name,location,product_id,product_name,category,price,units_sold,revenue,customer_id,customer_name,loyalty_status,
2,Store_2,Holmesberg,2088,Thus,Automotive,14.7,18,264.6,813,Amber Short,Silver,
17,Store_17,West Codytown,2079,Will,Automotive,624.42,53,33094.26,899,Megan Ballard,Gold,
12,Store_12,Cindyland,2048,Take,Automotive,346.81,44,15259.64,832,Jerry Cannon,Platinum,
13,Store_13,Carpenterchester,2077,Fund,Toys,132.02,15,1980.3,681,John Dunlap MD,Platinum,
5,Store_5,Craigburgh,2092,State,Grocery,169.51,60,10170.6,521,Jennifer Mcpherson,Platinum,
1,Store_1,Laurenchester,2042,Garden,Furniture,504.09,28,14114.52,704,Kayla Daniel,Silver,
8,Store_8,New Jenniferhaven,2089,Movie,Books,715.99,16,11455.84,594,Tonya Henry,Platinum,
11,Store_11,East Laura,2091,Movie,Automotive,772.61,30,23178.3,848,Brandon Baker,Gold,
15,Store_15,Reyesview,2021,Current,Grocery,555.97,53,29466.41,750,James Hansen,Gold,
5,Store_5,Deannaview,2065,Quality,Grocery,743.53,53,39407.09,661,Johnathan Lane,Platinum,
16,Store_16,Thomasfurt,2012,Work,Furniture,298.69,21,6272.49,768,Amy Arnold,Platinum,
7,Store_7,Ochoaborough,2091,Low,Automotive,387.66,26,10079.16,837,Mary Miller,Silver,
11,Store_11,Lake Andrew,2096,For,Books,493.35,51,25160.85,721,Matthew Hernandez,Gold,
7,Store_7,Brownport,2088,Remember,Automotive,289.59,31,8977.29,703,Stephanie Stokes,Platinum,
6,Store_6,Meredithbury,2049,Help,Automotive,13.44,8,107.52,820,Kimberly Castillo,Silver,
18,Store_18,Rodriguezbury,2099,Serve,Toys,409.78,2,819.56,724,Stephen Henderson,Gold,
7,Store_7,Sherryton,2091,Fire,Grocery,748.86,14,10484.04,644,Jennifer Reilly,Platinum,
12,Store_12,Pricestad,2084,Company,Toys,541.5,28,15162,928,Juan Goodwin,Gold,
16,Store_16,Moraleston,2032,It,Furniture,120.73,56,6760.88,802,Brenda Ward,Silver,
2,Store_2,Donaldberg,2053,Song,Toys,316.55,23,7280.65,569,Antonio Collins,Gold,
4,Store_4,West Christopherborough,2026,Cup,Furniture,618.59,29,17939.11,531,Devon Martinez,Platinum,
15,Store_15,Fullerville,2074,Probably,Books,287.3,31,8906.3,762,Frank Merritt,Gold,
14,Store_14,North Cindy,2004,Anything,Grocery,589.76,11,6487.36,720,Wanda Collins,Platinum,
8,Store_8,Reedberg,2079,Language,Grocery,656.17,26,17060.42,705,Austin Johnston,Silver,
9,Store_9,Tylerton,2041,Majority,Furniture,264.51,55,14548.05,621,Chelsea Mullen,Silver,
6,Store_6,East Jameschester,2006,Remain,Toys,235.1,60,14106,592,Lisa Mitchell,Gold,
2,Store_2,Wilsonbury,2034,Boy,Grocery,520.27,6,3121.62,699,Melissa Branch,Gold,
5,Store_5,Port Mark,2012,Part,Toys,368.23,56,20620.88,980,Michael Warner,Gold,
5,Store_5,Youngside,2090,Outside,Furniture,276.98,59,16341.82,687,Susan Vance,Silver,
6,Store_6,Blackmouth,2035,Decision,Toys,153.26,37,5670.62,894,James Bennett,Silver,
1,Store_1,Gibsonfurt,2083,Since,Grocery,775.89,49,38018.61,797,Mrs. Katie Meyer DDS,Silver,
4,Store_4,Susanberg,2020,Thus,Automotive,241.52,19,4588.88,978,Eric Smith,Gold,
6,Store_6,West Carolynmouth,2015,Lay,Automotive,652.47,27,17616.69,883,Kelly Hawkins,Platinum,
3,Store_3,Danafurt,2018,Why,Furniture,223.9,18,4030.2,730,Brandon Freeman,Gold,
16,Store_16,Heatherberg,2007,He,Automotive,324.03,33,10692.99,913,Tony Gonzalez,Platinum,
11,Store_11,Harrishaven,2008,Fly,Automotive,234.42,2,468.84,798,Brandon Hall,Silver,
8,Store_8,Lake Janetmouth,2064,Nature,Grocery,344.09,9,3096.81,561,Sherry Brown,Gold,
5,Store_5,Kimberlyville,2074,Treat,Automotive,662.62,49,32468.38,776,Gabriel Williams,Silver,
14,Store_14,Port Angela,2015,Full,Grocery,700.94,17,11915.98,862,Joann Kim,Gold,
20,Store_20,New Christopher,2054,Himself,Automotive,169.31,27,4571.37,600,Andre Jones,Silver,
17,Store_17,Gregoryfurt,2092,Resource,Furniture,305,45,13725,603,Chad Brown,Silver,
19,Store_19,West Kelsey,2087,Very,Grocery,349.35,7,2445.45,564,Robert James,Platinum,
9,Store_9,Lisamouth,2094,Decision,Furniture,145.78,45,6560.1,984,Tammy Mora,Silver,
9,Store_9,Gutierrezhaven,2038,Task,Toys,743.14,42,31211.88,968,Joe Wallace,Silver,
16,Store_16,Port Patricia,2045,Opportunity,Books,799.54,32,25585.28,568,Katherine Smith,Silver,
12,Store_12,Port David,2014,Term,Books,566.85,39,22107.15,879,Erika Castro,Silver,
12,Store_12,Beckburgh,2042,Third,Books,366.12,26,9519.12,804,Samuel Anderson,Platinum,
3,Store_3,New Renee,2053,Mission,Toys,177.4,15,2661,984,Justin Rodriguez,Silver,
2,Store_2,Hollandfurt,2008,Manage,Books,414.45,51,21136.95,601,Susan Mccoy,Platinum,
2,Store_2,South Jose,2039,Just,Automotive,792.76,14,11098.64,649,Joshua Garner,Silver,
2,Store_2,Gonzalezport,2012,Result,Automotive,215.03,32,6880.96,999,Rachel Thompson,Gold,
14,Store_14,Morrisonchester,2066,Time,Grocery,731.16,57,41676.12,883,Kimberly Lopez,Silver,
11,Store_11,Staceyfort,2048,Seven,Books,421.12,50,21056,988,Elizabeth Woods,Silver,
17,Store_17,West Jenniferborough,2059,Public,Toys,707.26,57,40313.82,832,Matthew Haynes,Platinum,
3,Store_3,Brendaside,2020,Return,Books,151.08,6,906.48,619,Timothy Cain,Gold,
11,Store_11,South Catherine,2010,Yard,Toys,434.69,12,5216.28,763,Deborah Burns,Platinum,
12,Store_12,Youngfort,2027,Return,Furniture,228.78,39,8922.42,536,Lisa Williams,Platinum,
2,Store_2,Rojasberg,2032,Successful,Grocery,492.79,55,27103.45,567,Karen Barton,Gold,
13,Store_13,Matthewfurt,2030,Question,Grocery,128.74,49,6308.26,709,Adam Rodriguez,Silver,
8,Store_8,Brightshire,2070,Much,Furniture,423.48,52,22020.96,812,Renee Jackson,Gold,
11,Store_11,South Josephshire,2028,Point,Books,348.02,2,696.04,853,Stephanie Shaw,Silver,
17,Store_17,North Jesse,2083,Keep,Automotive,633.66,45,28514.7,730,Patrick Gross,Platinum,
11,Store_11,Hughesville,2083,Born,Books,410.94,8,3287.52,955,Hector Hooper,Gold,
2,Store_2,Cruzland,2033,While,Toys,424.87,29,12321.23,511,David Thompson,Gold,
1,Store_1,Douglaston,2088,A,Toys,264.46,11,2909.06,936,Timothy Reynolds,Silver,
19,Store_19,Justinland,2031,Style,Automotive,722.75,22,15900.5,933,Amanda Clark,Platinum,
11,Store_11,Adamschester,2033,Better,Books,218.44,57,12451.08,700,Leah Davis,Platinum,
9,Store_9,Salazarport,2048,Indicate,Books,27.51,47,1292.97,660,Nancy Fuller,Gold,
10,Store_10,East Katherine,2096,Crime,Automotive,200.25,53,10613.25,546,Susan Lopez,Platinum,
18,Store_18,Brewerborough,2077,Course,Furniture,499.12,6,2994.72,650,Carmen Woodard,Silver,
19,Store_19,North Nathan,2060,Learn,Furniture,172.13,46,7917.98,972,Jason Decker,Platinum,
4,Store_4,North Stacey,2059,Majority,Automotive,469.13,60,28147.8,998,Peter Leach,Silver,
10,Store_10,North Kelly,2011,Life,Grocery,665.29,36,23950.44,630,Michelle Dunn,Gold,
6,Store_6,South Abigail,2094,Risk,Automotive,798.25,26,20754.5,622,Jason Gonzalez,Gold,
10,Store_10,North Shawnborough,2036,Seat,Toys,491.2,15,7368,554,James Smith,Platinum,
6,Store_6,Christinechester,2093,Already,Automotive,447.82,47,21047.54,872,Julie Carter,Platinum,
5,Store_5,Robertfurt,2022,Happy,Toys,328.69,26,8545.94,916,Melanie Wiley,Gold,
18,Store_18,Karenfurt,2028,Since,Toys,682.96,6,4097.76,626,Ann Williams,Platinum,
14,Store_14,Lake Juanmouth,2035,Make,Toys,43.21,60,2592.6,505,Kimberly Maynard,Silver,
10,Store_10,Debramouth,2032,Owner,Furniture,746.24,43,32088.32,623,Ariel Nolan,Platinum,
15,Store_15,Hartville,2022,Provide,Toys,514.52,12,6174.24,961,Dawn Young,Platinum,
1,Store_1,South Davidton,2034,Either,Automotive,700.01,25,17500.25,778,Heather Boyd,Platinum,
17,Store_17,Port Kim,2076,Region,Automotive,541.18,14,7576.52,838,Ronnie Martin,Gold,
20,Store_20,Stevenville,2073,Treat,Grocery,228.03,39,8893.17,867,Michelle Irwin,Silver,
4,Store_4,West Jameston,2037,Sea,Automotive,23.04,1,23.04,820,Dale Woodard,Platinum,
14,Store_14,South Erica,2017,Might,Books,613.95,49,30083.55,863,Joan Boyle,Silver,
16,Store_16,North Thomasview,2097,Officer,Furniture,683.83,32,21882.56,961,Scott Cooper,Silver,
19,Store_19,North Peterview,2049,Test,Furniture,36.64,23,842.72,747,Nancy Robinson,Silver,
7,Store_7,Williamchester,2000,Responsibility,Furniture,488.02,9,4392.18,622,Scott Zimmerman,Gold,
7,Store_7,West Justin,2045,Quality,Toys,96.19,18,1731.42,575,Matthew Nunez,Gold,
13,Store_13,Sloanburgh,2014,Rate,Furniture,252.38,1,252.38,934,Darren Villegas,Gold,
5,Store_5,Rebeccaberg,2087,At,Books,420.24,51,21432.24,949,Caitlin Morris,Platinum,
17,Store_17,Whitemouth,2085,Sport,Grocery,338.14,14,4733.96,949,Breanna Allen,Silver,
17,Store_17,Milesfort,2052,Into,Furniture,168.47,59,9939.73,508,Michael Little,Silver,
10,Store_10,Carlsonborough,2049,Behind,Automotive,554.7,23,12758.1,606,Jennifer Brock,Gold,
17,Store_17,North Joseph,2049,Baby,Automotive,195.96,8,1567.68,739,Julie Smith,Platinum,
15,Store_15,South Elizabeth,2041,Movie,Books,147.99,40,5919.6,827,Jeffrey Ross,Gold,
10,Store_10,New Garyside,2018,Movement,Furniture,479.18,37,17729.66,583,Jonathan Cooper,Platinum,
5,Store_5,Johnshire,2054,Reduce,Books,470.29,51,23984.79,811,Craig Peterson,Platinum,
5,Store_5,Novakshire,2033,Your,Furniture,545,35,19075,813,Nancy Roberts,Gold,
5,Store_5,South Angela,2027,Available,Books,161.53,5,807.65,843,Kevin King,Silver,
15,Store_15,Jefferyhaven,2005,Enough,Grocery,57.92,13,752.96,851,Kenneth Schmidt,Platinum,
5,Store_5,Codyborough,2070,National,Books,551.75,9,4965.75,893,Karen Davis,Platinum,
5,Store_5,South Susan,2079,Government,Toys,121.5,1,121.5,634,Thomas Mckenzie,Silver,
2,Store_2,East Amandaburgh,2049,Message,Grocery,429.51,28,12026.28,805,John Moore,Gold,
11,Store_11,Melissaberg,2016,Thank,Furniture,91.11,12,1093.32,712,Erika Jackson,Gold,
7,Store_7,Castillobury,2029,Light,Grocery,67.63,50,3381.5,868,Christopher Wilkins,Silver,
18,Store_18,Port Morgan,2072,Simply,Grocery,445.38,48,21378.24,722,Christopher Jackson,Silver,
8,Store_8,Floresbury,2058,Girl,Furniture,447.79,36,16120.44,872,Tracy Lopez,Platinum,
13,Store_13,North Jillian,2016,Conference,Automotive,586.84,21,12323.64,908,Nicholas Frye,Silver,
11,Store_11,Josephview,2014,Often,Furniture,483.35,17,8216.95,707,Michelle Chandler,Silver,
8,Store_8,Moodymouth,2098,Consider,Automotive,54.86,7,384.02,964,Jeremy Ramirez,Silver,
16,Store_16,Websterview,2083,Treatment,Furniture,575.68,6,3454.08,810,Amanda Moore,Silver,
9,Store_9,Sophiafurt,2060,Build,Books,790.29,15,11854.35,751,Lisa Williams,Platinum,
4,Store_4,Peterville,2017,Beat,Toys,656.51,24,15756.24,504,Courtney Schultz,Platinum,
5,Store_5,Hatfieldside,2093,Hospital,Furniture,598.22,1,598.22,784,Robert James,Platinum,
18,Store_18,Morganchester,2038,Whose,Furniture,151.78,37,5615.86,998,Linda Carter,Gold,
2,Store_2,Port Jonathanbury,2074,Item,Automotive,660.62,44,29067.28,797,Michael Moses,Platinum,
1,Store_1,Robinmouth,2080,Add,Books,259.04,21,5439.84,905,Teresa Mendoza,Silver,
8,Store_8,Williamhaven,2062,Low,Grocery,492.92,41,20209.72,755,Adam Wright,Gold,
17,Store_17,New Jessicachester,2060,Father,Books,97.79,60,5867.4,806,Scott Ortega,Gold,
9,Store_9,Ronaldberg,2045,Partner,Books,645.55,29,18720.95,871,Patricia Walker,Gold,
10,Store_10,North Darin,2016,Rule,Furniture,457.76,12,5493.12,916,Mark Townsend,Silver,
10,Store_10,Ryanville,2044,Offer,Automotive,94.95,55,5222.25,721,Scott Bowman DVM,Gold,
12,Store_12,Frederickhaven,2032,Tell,Automotive,101.51,3,304.53,946,Jacqueline Marshall,Platinum,
5,Store_5,Lake Meagan,2016,Source,Books,448.12,7,3136.84,691,Johnny Ruiz,Platinum,
16,Store_16,Maryton,2053,A,Books,666.26,13,8661.38,738,Sean Robertson,Platinum,
19,Store_19,Brockbury,2079,Last,Toys,164.75,13,2141.75,786,Whitney Moses,Platinum,
17,Store_17,East Cherylfurt,2006,Nature,Grocery,632.65,16,10122.4,670,Madeline Allison,Silver,
13,Store_13,South Ryan,2005,Field,Automotive,148.79,58,8629.82,995,Mr. Scott Lewis,Silver,
1,Store_1,North Cynthiaville,2040,Others,Furniture,778.99,44,34275.56,672,James Peters,Gold,
8,Store_8,Lake Latasha,2037,House,Automotive,139.75,48,6708,642,Eric Wallace,Gold,
12,Store_12,Phillipsmouth,2069,Right,Grocery,716.33,21,15042.93,785,Crystal Richards,Gold,
18,Store_18,Ronaldview,2022,So,Grocery,428.24,1,428.24,645,Jon Lopez,Silver,
17,Store_17,Janetside,2094,Eight,Books,697.15,6,4182.9,507,David Glenn,Platinum,
10,Store_10,Jensenfort,2070,Soon,Toys,663.94,7,4647.58,589,Kari Wright,Silver,
14,Store_14,Port Thomasshire,2054,Activity,Furniture,76.05,33,2509.65,817,Daniel Chavez,Gold,
8,Store_8,New Cynthia,2091,Social,Books,394.37,9,3549.33,811,Teresa Hamilton,Platinum,
4,Store_4,Brooksmouth,2056,This,Automotive,71.95,17,1223.15,610,Gabriel Tanner,Silver,
2,Store_2,Mitchellmouth,2098,Kind,Grocery,108.76,30,3262.8,971,Christopher Cunningham,Platinum,
4,Store_4,South Sara,2037,Speak,Grocery,257.05,40,10282,930,Marcus Smith,Platinum,
9,Store_9,West Mason,2022,Low,Books,164.8,8,1318.4,629,Brenda Mendoza,Silver,
9,Store_9,South Amanda,2020,Set,Grocery,314.73,7,2203.11,929,Amy Allen,Platinum,
7,Store_7,Traceyport,2043,Part,Grocery,257.33,40,10293.2,611,Tracy Mcconnell,Silver,
17,Store_17,North Mark,2093,Maybe,Automotive,109.18,27,2947.86,694,Hannah Logan,Gold,
18,Store_18,Brandonside,2094,Think,Toys,724.44,25,18111,591,Chelsea Charles,Platinum,
7,Store_7,East Kellytown,2015,Eat,Automotive,704.75,3,2114.25,976,John Bass,Gold,
13,Store_13,Garrettmouth,2070,Believe,Books,278.26,13,3617.38,746,Scott Lucas,Gold,
15,Store_15,Ashleyport,2046,Significant,Books,561.13,57,31984.41,800,Gregory Willis,Gold,
10,Store_10,Jonesside,2024,Dinner,Furniture,131.5,22,2893,504,David Garcia,Silver,
18,Store_18,Zacharyview,2070,Very,Toys,210.56,22,4632.32,588,Christine May,Platinum,
12,Store_12,Robertberg,2023,Game,Automotive,593.61,19,11278.59,877,Megan Moore,Gold,
7,Store_7,East Jeffrey,2008,Edge,Toys,65.69,4,262.76,958,Catherine Hunter,Silver,
5,Store_5,Christinehaven,2048,Forward,Automotive,95.96,34,3262.64,852,Stephanie Smith,Silver,
15,Store_15,Middletonmouth,2025,Teacher,Books,30.85,13,401.05,975,Linda Lopez,Silver,
4,Store_4,Fergusonchester,2090,Benefit,Automotive,126.59,35,4430.65,554,Kimberly Jones,Silver,
17,Store_17,Franklintown,2017,Pretty,Grocery,191.53,15,2872.95,944,Alex Gonzalez,Silver,
7,Store_7,South Karenshire,2084,Mind,Grocery,367.9,22,8093.8,899,Christian Perry,Silver,
6,Store_6,Port Joseph,2018,Word,Toys,433.84,33,14316.72,861,John Mayo,Gold,
15,Store_15,Gilbertburgh,2068,Message,Books,144.37,24,3464.88,630,Jim Bennett,Gold,
3,Store_3,Laurahaven,2018,Out,Furniture,123.98,45,5579.1,513,Joshua Jackson,Gold,
9,Store_9,Youngchester,2034,Hospital,Toys,548.48,29,15905.92,613,Christopher Graham,Platinum,
2,Store_2,Port Amanda,2045,Catch,Grocery,497.8,48,23894.4,899,Michael Garcia,Gold,
10,Store_10,South Natalie,2034,Training,Grocery,640.19,16,10243.04,963,Daniel Rubio,Gold,
5,Store_5,Haroldview,2000,While,Books,719.82,36,25913.52,676,Amy Austin,Gold,
12,Store_12,Jenniferbury,2049,Stand,Automotive,159.32,22,3505.04,601,Hector Boyd,Platinum,
2,Store_2,Josephmouth,2078,Room,Books,234.38,14,3281.32,977,Jeremy Wheeler,Silver,
6,Store_6,Tiffanyborough,2020,During,Furniture,594.23,15,8913.45,852,Carlos Fletcher,Platinum,
7,Store_7,North Angelaberg,2100,Arm,Grocery,60.79,23,1398.17,611,Kyle Carroll,Platinum,
17,Store_17,Cynthiastad,2100,Guy,Toys,766.85,1,766.85,619,Tracy Anthony,Platinum,
1,Store_1,North Amandamouth,2009,Capital,Books,385.88,52,20065.76,579,Kevin Perkins,Platinum,
9,Store_9,Port Jenniferborough,2019,Attack,Grocery,361.62,7,2531.34,874,Randy Valenzuela,Platinum,
13,Store_13,Lake Jill,2008,Condition,Toys,91.34,52,4749.68,607,James Vargas,Silver,
14,Store_14,Carterhaven,2079,List,Toys,795.29,49,38969.21,930,Brianna Gill,Platinum,
4,Store_4,North Todd,2027,Oil,Books,161.05,52,8374.6,990,Christine Solis,Gold,
20,Store_20,East Reginald,2054,Realize,Books,349.83,16,5597.28,544,Darlene Spence,Silver,
5,Store_5,Gabriellabury,2051,Control,Automotive,558.83,40,22353.2,965,Lisa Wallace,Platinum,
16,Store_16,North Erin,2045,Agent,Automotive,102.92,9,926.28,804,Patrick Cohen,Gold,
15,Store_15,Welchburgh,2029,Management,Toys,296.06,14,4144.84,834,Karen Jenkins,Platinum,
6,Store_6,Tinafurt,2096,Practice,Furniture,107.26,2,214.52,925,Richard Johnson,Platinum,
11,Store_11,Port Lindseytown,2037,Support,Toys,700.84,28,19623.52,857,Kimberly Smith,Gold,
8,Store_8,Sarahstad,2065,Close,Books,82.02,7,574.14,589,Victor Hawkins,Gold,
10,Store_10,Port Jameschester,2048,Up,Books,362.18,20,7243.6,574,Anna White,Silver,
20,Store_20,West Andrewhaven,2024,Small,Automotive,168.27,49,8245.23,770,Jennifer Smith,Platinum,
8,Store_8,Howardside,2092,Tend,Grocery,409,3,1227,650,Amy Smith,Gold,
2,Store_2,East Jacquelineview,2091,Thank,Toys,686.34,8,5490.72,869,Elizabeth Randall,Gold,
15,Store_15,Garyside,2005,Identify,Toys,312.82,11,3441.02,780,Linda Blankenship,Silver,
1,Store_1,Robertbury,2016,Response,Automotive,781.18,33,25778.94,537,Timothy Swanson,Silver,
10,Store_10,Deannachester,2091,Alone,Grocery,395.16,34,13435.44,710,Emily Martinez,Silver,
9,Store_9,Ramirezville,2035,House,Furniture,632.25,50,31612.5,886,Kristine Lyons,Platinum,
5,Store_5,Walkermouth,2052,Attack,Books,792.72,12,9512.64,555,Morgan Clark,Platinum,
7,Store_7,South Jenniferland,2068,Commercial,Automotive,615.76,43,26477.68,844,Danielle Mills,Gold,
7,Store_7,Lawrenceburgh,2017,Explain,Automotive,670.27,57,38205.39,850,Matthew Watson,Gold,
2,Store_2,Turnerfort,2013,View,Automotive,664.78,4,2659.12,768,William Collins,Platinum,
11,Store_11,Port Erikville,2075,Action,Automotive,272.42,38,10351.96,685,Shirley Mullen,Silver,
19,Store_19,West Phillip,2100,Fly,Books,380.39,40,15215.6,742,Danielle West,Gold,
19,Store_19,Gordonfort,2097,Something,Automotive,73.24,24,1757.76,792,William Banks,Silver,
7,Store_7,Bryanview,2083,Cup,Grocery,518.35,14,7256.9,849,Brian Dominguez,Gold,
8,Store_8,Christinechester,2097,Report,Toys,232.01,4,928.04,797,Connie Arias,Silver,
6,Store_6,Calebhaven,2082,Rule,Automotive,234.58,37,8679.46,855,Laura Kim,Silver,
4,Store_4,Barbaraberg,2050,Foreign,Furniture,349.99,6,2099.94,936,Janice Barnes,Silver,
17,Store_17,South Nicole,2014,Half,Grocery,753.55,50,37677.5,939,Joshua Thompson,Gold,
17,Store_17,New Williammouth,2082,Star,Books,164.23,10,1642.3,766,Megan Adams,Silver,
4,Store_4,Port Casey,2044,Step,Automotive,373.51,39,14566.89,624,Tiffany Caldwell,Silver,
18,Store_18,Barnettchester,2085,Month,Books,123.26,1,123.26,819,Christopher Lang,Platinum,
12,Store_12,East Caitlyn,2098,Team,Automotive,485.37,43,20870.91,711,Shelby Williams,Silver,
4,Store_4,South Michael,2046,Position,Toys,327.12,14,4579.68,982,Roy Brown,Platinum,
13,Store_13,East Curtis,2002,Sister,Grocery,24.19,26,628.94,972,Laura Stuart,Gold,
11,Store_11,Kennethbury,2093,Rise,Books,155.3,1,155.3,841,Latasha Mitchell,Gold,
6,Store_6,West Lisa,2014,Red,Toys,773.66,50,38683,796,Mark Yang,Silver,
15,Store_15,East Evanport,2004,Car,Grocery,180.77,15,2711.55,557,Matthew Miller,Silver,
20,Store_20,Sanfordmouth,2094,Decision,Grocery,172.82,5,864.1,884,Dr. Alicia Boyer,Platinum,
14,Store_14,Alanland,2069,Stand,Grocery,29.38,10,293.8,932,Christopher Ross,Gold,
9,Store_9,Lake Veronicafurt,2002,Report,Books,519.3,3,1557.9,898,Sean Anderson,Platinum,
13,Store_13,New Pamelaborough,2070,Nothing,Furniture,794.69,30,23840.7,662,Julie Brown,Platinum,
20,Store_20,Taylorburgh,2023,Soldier,Grocery,306.35,51,15623.85,597,Susan Villa,Silver,
7,Store_7,Martinchester,2045,Daughter,Books,252.56,26,6566.56,857,Sean Ortiz,Platinum,
9,Store_9,Gonzalezstad,2080,Player,Toys,425.02,10,4250.2,684,Jennifer Warner,Silver,
14,Store_14,Stacyfurt,2031,War,Books,132.7,14,1857.8,895,Alyssa Clay,Platinum,
19,Store_19,New Jameston,2034,Stop,Books,754.62,24,18110.88,836,Christopher Wright,Platinum,
19,Store_19,West Michael,2054,Social,Toys,715.61,32,22899.52,717,Ashley Sanchez,Platinum,
11,Store_11,Ryanside,2082,Over,Books,25.28,4,101.12,564,Robert Rivera,Platinum,
7,Store_7,North Christinebury,2015,Industry,Toys,151.73,56,8496.88,726,Ethan Harper,Gold,
5,Store_5,Crawfordstad,2019,Agent,Books,293.36,13,3813.68,935,Jesse Scott,Platinum,
4,Store_4,Lake Ericton,2061,South,Furniture,209.8,54,11329.2,974,Daniel Mccarthy,Silver,
19,Store_19,Allisonborough,2038,Pretty,Grocery,635.58,32,20338.56,806,Sheila Brown,Gold,
16,Store_16,Lake Briannaborough,2064,Southern,Automotive,491.38,9,4422.42,914,Tina Harmon,Gold,
9,Store_9,North Stanleyburgh,2036,College,Grocery,24.81,42,1042.02,616,Jeremiah Bennett,Platinum,
13,Store_13,Lake Isaiah,2064,No,Grocery,352.19,42,14791.98,670,Sheila Sullivan,Silver,
3,Store_3,Ramirezview,2046,Himself,Furniture,721.14,16,11538.24,592,Brian Ware,Platinum,
18,Store_18,Lake Ericatown,2084,Employee,Furniture,490.3,43,21082.9,965,Erika Johnson,Silver,
14,Store_14,Lake Randall,2064,You,Furniture,474.24,58,27505.92,965,Dan Smith,Silver,
17,Store_17,Port Jeffreyhaven,2090,Center,Automotive,169.38,56,9485.28,691,Antonio Valdez,Gold,
15,Store_15,South Timothy,2029,Lot,Books,291.89,1,291.89,839,Angela Elliott,Platinum,
14,Store_14,Nunezshire,2098,Foreign,Toys,660.98,3,1982.94,984,Denise Harding,Gold,
16,Store_16,Taylorton,2087,Else,Books,102.36,16,1637.76,617,David Harris,Platinum,
2,Store_2,Leechester,2070,Could,Books,370.19,3,1110.57,915,Melvin Taylor,Gold,
2,Store_2,South Audrey,2035,North,Automotive,264,45,11880,758,Mark Williams,Silver,
6,Store_6,Christineland,2023,Center,Furniture,210.98,24,5063.52,787,Joseph Rivera,Platinum,
15,Store_15,Brooksmouth,2001,Sit,Grocery,77.31,15,1159.65,647,Lisa Miller,Silver,
2,Store_2,New Carlosbury,2054,Want,Books,268.99,2,537.98,772,Patricia Smith,Silver,
16,Store_16,East Samantha,2053,Some,Automotive,63.03,12,756.36,551,Ebony Black,Gold,
13,Store_13,North Luis,2089,Feeling,Toys,25.47,20,509.4,803,Ronald Petty,Platinum,
9,Store_9,Sarahhaven,2061,Share,Automotive,275.82,28,7722.96,876,Veronica Cruz,Platinum,
7,Store_7,Smithview,2087,With,Automotive,559.79,9,5038.11,821,Johnny Oneill,Platinum,
19,Store_19,West Sharonport,2076,Pressure,Automotive,660.91,43,28419.13,798,Hector Thomas,Gold,
1,Store_1,Lake Eric,2036,Teach,Grocery,676.14,52,35159.28,743,Tammy Robinson,Silver,
4,Store_4,Robinsonstad,2040,Trade,Books,678.94,23,15615.62,753,Carl Banks,Silver,
13,Store_13,Lake Ryan,2005,He,Automotive,281.97,25,7049.25,819,Jerry Rodriguez,Platinum,
12,Store_12,Port Jenniferfurt,2054,Citizen,Grocery,377.61,2,755.22,566,Jeanette Carter,Silver,
6,Store_6,Barrettmouth,2055,Past,Furniture,19.33,33,637.89,558,Victoria Bailey,Platinum,
1,Store_1,Bradleymouth,2084,Technology,Books,119.36,26,3103.36,651,Kristen Rodriguez,Platinum,
7,Store_7,New Rodneymouth,2044,Clearly,Automotive,181.27,6,1087.62,802,Phillip Thomas,Gold,
4,Store_4,West Ashley,2093,Two,Books,104.04,39,4057.56,556,Scott Allen,Platinum,
16,Store_16,South Aaronland,2025,Either,Furniture,278.39,14,3897.46,787,William Murphy,Silver,
4,Store_4,New Austinland,2027,Million,Grocery,130.86,5,654.3,890,Katherine Mckenzie,Silver,
5,Store_5,Newmanmouth,2016,Ever,Toys,437.71,8,3501.68,601,Desiree Murphy,Silver,
19,Store_19,East Carolyn,2095,Green,Grocery,399.9,44,17595.6,838,David Hart,Platinum,
12,Store_12,West Bryanbury,2062,Discussion,Toys,483.03,9,4347.27,549,Heather Jones,Silver,
12,Store_12,South Hannah,2080,Character,Furniture,740.83,60,44449.8,978,Jason Alexander,Gold,
1,Store_1,Lake Jenniferville,2093,Similar,Toys,609.67,51,31093.17,704,Adam Howard,Gold,
15,Store_15,New Michaelborough,2081,Source,Grocery,655.28,35,22934.8,857,Charlotte Taylor,Gold,
15,Store_15,Lake Laura,2060,Bring,Grocery,241.69,27,6525.63,680,Brian Riggs,Platinum,
19,Store_19,Susanland,2048,Sense,Furniture,503.68,4,2014.72,826,Kevin Hanson,Platinum,
5,Store_5,Kylefort,2078,Suggest,Grocery,106.19,43,4566.17,884,Jennifer Morris,Silver,
1,Store_1,Port Thomas,2045,Right,Books,693.86,54,37468.44,787,Tanya Rodriguez,Silver,
12,Store_12,East Glendaside,2083,Suddenly,Furniture,748.35,38,28437.3,507,Sarah Knight,Platinum,
3,Store_3,Hansonbury,2052,Very,Furniture,181.23,10,1812.3,621,Brittany Nunez,Gold,
11,Store_11,North Thomas,2062,Throw,Toys,321.63,41,13186.83,547,Sarah Moss,Platinum,
8,Store_8,Lake Evanfurt,2075,Admit,Grocery,354.37,2,708.74,954,Jamie Caldwell,Gold,
15,Store_15,Chanberg,2031,Sign,Books,540.47,14,7566.58,785,George Allen,Gold,
10,Store_10,New Donna,2074,Down,Automotive,258.96,32,8286.72,894,Jonathan Myers,Platinum,
20,Store_20,Morrisonland,2069,Air,Furniture,186.44,52,9694.88,586,Carolyn Jones,Gold,
14,Store_14,Mcneilview,2021,Guy,Furniture,630.76,50,31538,769,Olivia Perry,Silver,
20,Store_20,New Billybury,2058,Care,Toys,299.54,9,2695.86,545,Breanna Evans,Gold,
17,Store_17,South Lisa,2092,Your,Furniture,184.34,50,9217,835,Daniel Simon,Gold,
20,Store_20,South Kevin,2028,Environmental,Toys,360.01,2,720.02,833,Anthony Kelley,Silver,
1,Store_1,East Mathewview,2074,Always,Furniture,470.06,60,28203.6,882,Andrea Mason,Gold,
3,Store_3,East Deborah,2077,Pull,Automotive,572,13,7436,622,Dorothy Price,Platinum,
5,Store_5,Mooreview,2077,Wonder,Automotive,538.38,35,18843.3,688,Patrick Moses DVM,Platinum,
20,Store_20,Diazville,2071,Exist,Automotive,341.64,58,19815.12,843,James Cooper,Platinum,
5,Store_5,North Dylan,2002,Individual,Furniture,645.39,52,33560.28,579,Robert Meza,Gold,
5,Store_5,Taylorport,2046,Time,Furniture,282.2,31,8748.2,931,Daniel Leon MD,Silver,
11,Store_11,Alexanderhaven,2028,Spend,Toys,612,50,30600,628,Sheri Hogan,Platinum,
12,Store_12,Elizabethfort,2048,Pm,Furniture,221.79,1,221.79,700,Robert Gonzalez,Platinum,
19,Store_19,East Ericview,2029,Effect,Books,660.73,20,13214.6,586,Sandra Torres,Gold,
9,Store_9,Pettyville,2067,Weight,Automotive,416.13,15,6241.95,663,Patrick Martinez,Gold,
13,Store_13,South Matthewfurt,2023,Show,Books,441.68,36,15900.48,684,James Shepard,Platinum,
10,Store_10,Stoutview,2066,Particular,Toys,472.37,6,2834.22,875,Jeffrey Jackson,Silver,
17,Store_17,New Shawn,2070,Position,Automotive,552.6,32,17683.2,523,David Roberts,Silver,
17,Store_17,Sarahland,2021,Democratic,Books,273.43,56,15312.08,933,Zachary Stone,Platinum,
15,Store_15,Port Maryfurt,2067,These,Grocery,554.59,37,20519.83,558,John Stewart,Platinum,
13,Store_13,Lake Amyshire,2071,Through,Toys,573.52,54,30970.08,928,Michael Houston,Gold,
9,Store_9,Cunninghammouth,2096,Wife,Grocery,395.18,29,11460.22,997,Taylor Ponce,Silver,
12,Store_12,Vanessaport,2056,Example,Grocery,678.47,35,23746.45,707,Betty Torres,Gold,
7,Store_7,North Stephanieport,2075,Term,Automotive,213.57,47,10037.79,555,Ryan Todd,Silver,
17,Store_17,Port Michaela,2029,Threat,Automotive,297.4,7,2081.8,756,Jacqueline Smith,Platinum,
11,Store_11,Kimberlyberg,2024,On,Books,225.48,12,2705.76,560,Mr. Caleb Schaefer,Gold,
3,Store_3,Leeside,2066,The,Books,466.16,47,21909.52,595,Anthony Martin,Platinum,
1,Store_1,Taylorfort,2029,Chair,Books,286.88,12,3442.56,600,Patrick Simmons,Silver,
1,Store_1,Richardburgh,2061,Continue,Toys,223.14,40,8925.6,947,Mr. Scott Smith,Gold,
4,Store_4,Jasonview,2044,Assume,Toys,753.1,36,27111.6,984,Laura James,Gold,
15,Store_15,Josephchester,2026,Ability,Grocery,148.33,37,5488.21,956,Joanna Franklin,Gold,
14,Store_14,New Johnmouth,2042,List,Automotive,469.4,53,24878.2,629,Brandon Sawyer,Gold,
11,Store_11,East Amandaborough,2049,When,Books,299.21,28,8377.88,869,Steven Lewis,Platinum,
1,Store_1,Port Wesleyton,2076,Forward,Toys,744.06,59,43899.54,516,Shawn Lewis,Platinum,
18,Store_18,New Gary,2047,Young,Automotive,493.86,48,23705.28,928,Lauren Wong,Platinum,
1,Store_1,Kentmouth,2046,Send,Furniture,677.9,40,27116,728,Megan Brooks,Platinum,
1,Store_1,South Lisa,2001,Degree,Grocery,453.03,34,15403.02,663,Tyrone Dunn,Gold,
15,Store_15,South Teresa,2030,Deep,Toys,639.33,29,18540.57,881,Jason Kim,Gold,
15,Store_15,Alexishaven,2069,Be,Automotive,426.01,55,23430.55,775,Krystal Davis,Silver,
14,Store_14,Natashaville,2011,Open,Books,670.02,35,23450.7,878,John Love,Gold,
6,Store_6,Perezport,2019,Wear,Toys,236.67,6,1420.02,891,Jamie Vega,Gold,
10,Store_10,South Valerie,2092,Time,Furniture,515.88,44,22698.72,626,Leonard Myers,Silver,
5,Store_5,South Sean,2059,Five,Furniture,430.45,31,13343.95,572,Stephanie Bennett,Gold,
5,Store_5,South Madelineberg,2023,Actually,Books,483.7,36,17413.2,821,David Haynes,Gold,
13,Store_13,Sellerschester,2086,Investment,Books,744.12,26,19347.12,974,Ryan Garcia,Platinum,
18,Store_18,West Davidside,2012,Reveal,Automotive,235.54,24,5652.96,506,Alexander Ortiz,Silver,
18,Store_18,Paulstad,2073,Stand,Grocery,770.55,7,5393.85,665,Katherine Garcia,Platinum,
6,Store_6,Patrickside,2010,Yourself,Grocery,764.64,39,29820.96,737,Carla Howard,Platinum,
8,Store_8,New Caitlin,2000,Manage,Furniture,31.97,53,1694.41,522,Deborah Robles,Gold,
4,Store_4,South Todd,2087,Mother,Automotive,111.85,57,6375.45,605,Calvin Bowers,Silver,
1,Store_1,South Jason,2093,Skill,Grocery,756.15,57,43100.55,588,Dr. Noah Johnson,Gold,
7,Store_7,Mariahaven,2001,Stage,Toys,736.37,37,27245.69,558,Bradley Bennett,Platinum,
18,Store_18,New Darryl,2038,Quite,Grocery,729.18,53,38646.54,847,Ann Butler,Silver,
7,Store_7,North Matthew,2000,Response,Toys,536.79,31,16640.49,837,Jamie Miller,Gold,
3,Store_3,South Brandifurt,2034,Development,Grocery,138.76,20,2775.2,821,Marvin Savage,Platinum,
9,Store_9,North Daniellefort,2045,Look,Furniture,441.52,46,20309.92,760,Jillian Ellison,Gold,
12,Store_12,Garyfort,2078,Education,Toys,68.42,25,1710.5,985,Jennifer Peterson,Platinum,
14,Store_14,New Jeffrey,2023,Share,Automotive,274.03,38,10413.14,517,Kimberly Lopez,Gold,
11,Store_11,Pamelaville,2004,Who,Grocery,21.15,45,951.75,876,James Smith,Gold,
13,Store_13,West Ralph,2021,Among,Books,654.39,14,9161.46,898,Ashley Barnes,Platinum,
2,Store_2,Tiffanyland,2063,Minute,Books,343.87,8,2750.96,723,Stephanie Ross,Gold,
8,Store_8,Michellestad,2060,Your,Books,537.67,18,9678.06,569,Deanna Cooper,Silver,
11,Store_11,South Tammieborough,2072,Experience,Toys,700.78,26,18220.28,852,Joyce Adams,Gold,
16,Store_16,Robertville,2000,Professional,Automotive,175.95,33,5806.35,713,Kenneth Flores,Silver,
17,Store_17,Robinsonmouth,2009,Get,Automotive,611.19,46,28114.74,570,Russell Smith,Silver,
4,Store_4,New Jamesborough,2005,Table,Automotive,473.72,12,5684.64,809,Lee Bennett,Gold,
1,Store_1,Port Williambury,2078,Pressure,Books,672.62,45,30267.9,734,Marcus Duncan,Platinum,
20,Store_20,North Elizabethburgh,2050,Choice,Grocery,355.04,10,3550.4,760,Erik Kim Jr.,Gold,
4,Store_4,East Ruben,2048,Several,Books,782.34,50,39117,932,Jonathan Acosta,Silver,
15,Store_15,New Thomasbury,2019,Wonder,Furniture,133.6,31,4141.6,899,Zachary Raymond,Gold,
19,Store_19,Jerrychester,2079,Kind,Toys,769.56,49,37708.44,782,Eric Horton,Silver,
14,Store_14,North Dakota,2061,Result,Furniture,614.15,19,11668.85,570,Sandra Williams,Platinum,
4,Store_4,Perezville,2021,Most,Furniture,124.84,8,998.72,958,Ryan Harris,Gold,
4,Store_4,Port Allisonmouth,2082,Night,Books,771.69,23,17748.87,748,Alexander Ochoa,Platinum,
20,Store_20,Ellishaven,2064,Size,Toys,212.08,20,4241.6,914,Kelly Weber,Gold,
14,Store_14,New Tanya,2010,Woman,Grocery,434.91,29,12612.39,598,Lori Smith,Platinum,
5,Store_5,North Amy,2086,Fire,Automotive,785.44,43,33773.92,789,Joshua Wilkins,Silver,
3,Store_3,Ryantown,2044,Data,Grocery,233.59,49,11445.91,560,Daniel Blake,Silver,
20,Store_20,West Natashabury,2014,High,Books,41.16,8,329.28,569,Amber Johnson,Gold,
7,Store_7,Weberfurt,2066,Artist,Toys,742.81,39,28969.59,939,Antonio Guzman,Platinum,
2,Store_2,Ginaland,2040,Head,Toys,339.83,8,2718.64,627,Anthony Rosario,Platinum,
19,Store_19,Gonzalezville,2098,Event,Books,131.1,54,7079.4,678,Jane Robinson,Platinum,
9,Store_9,West Kevin,2000,Hit,Toys,784.38,19,14903.22,679,Teresa Woodward,Gold,
2,Store_2,Lake Cynthia,2063,Already,Toys,21.89,48,1050.72,602,Gregory Baxter,Silver,
11,Store_11,East Jennifer,2063,Hope,Automotive,683.41,32,21869.12,918,Linda Maldonado,Gold,
16,Store_16,South Carrie,2053,Free,Automotive,264.61,41,10849.01,690,Christopher Medina,Platinum,
5,Store_5,South Zachary,2002,Individual,Automotive,191.19,41,7838.79,729,Paige Ramirez,Silver,
12,Store_12,North Elizabeth,2072,Way,Automotive,61.48,34,2090.32,810,Deborah Vazquez,Gold,
19,Store_19,Port Erika,2006,Season,Books,335.48,11,3690.28,538,Anna Hull,Platinum,
9,Store_9,East Sheilaberg,2058,Body,Books,427.18,44,18795.92,664,Jessica Bradshaw,Platinum,
12,Store_12,Lake Danielborough,2062,Scene,Grocery,436.17,18,7851.06,829,Maria Hunt,Silver,
6,Store_6,Cassandramouth,2088,Boy,Books,57.94,21,1216.74,805,George Weber,Silver,
7,Store_7,Jacksonberg,2049,Individual,Automotive,418.87,5,2094.35,887,Shelia Adams,Gold,
5,Store_5,North Michael,2083,Without,Automotive,283.9,5,1419.5,640,Andre Wallace,Gold,
5,Store_5,Millerside,2036,Call,Grocery,11.69,15,175.35,690,Amber Miller,Platinum,
19,Store_19,South Robert,2011,Commercial,Books,400.68,50,20034,750,Jason Baker,Platinum,
20,Store_20,Shelbyside,2094,Baby,Automotive,723.76,38,27502.88,874,Matthew Mendez,Gold,
3,Store_3,Rickyton,2022,Pay,Grocery,47.4,51,2417.4,807,Melissa Ibarra,Platinum,
8,Store_8,Fletcherbury,2036,Spend,Grocery,520.87,23,11980.01,852,Mrs. Tamara Williams,Gold,
11,Store_11,Jamieville,2048,Lead,Furniture,473.64,1,473.64,977,Joseph Booker,Silver,
8,Store_8,Orrville,2082,Free,Grocery,153.94,56,8620.64,948,Jeff Escobar,Silver,
10,Store_10,Sydneychester,2100,Your,Books,698.31,58,40501.98,963,Donald Silva,Silver,
4,Store_4,Jamesland,2073,Behind,Toys,248.16,41,10174.56,662,Kayla Miller,Silver,
15,Store_15,Laurachester,2076,Research,Furniture,131.7,14,1843.8,937,Carrie Moore,Platinum,
6,Store_6,South Kimhaven,2078,Range,Toys,10.61,5,53.05,544,Shannon Brown,Silver,
8,Store_8,Jessestad,2047,Charge,Automotive,510.81,16,8172.96,824,Michael Morrison,Gold,
9,Store_9,East David,2055,Agreement,Furniture,559.76,53,29667.28,711,Jeremy House,Gold,
11,Store_11,Sethmouth,2024,Might,Books,149.94,59,8846.46,982,Rhonda Jackson,Platinum,
6,Store_6,Lake Brandonfort,2097,Medical,Grocery,537.7,28,15055.6,682,Jacqueline Lopez,Platinum,
14,Store_14,North Dustinland,2058,Smile,Books,284.52,15,4267.8,534,Sue Thomas,Platinum,
8,Store_8,West Pamela,2019,Radio,Automotive,577.72,44,25419.68,553,Kenneth Brown,Gold,
16,Store_16,Emilyshire,2072,Reality,Grocery,658.35,9,5925.15,753,Peggy Black,Silver,
8,Store_8,Cynthiaton,2078,Arrive,Automotive,148.22,55,8152.1,802,Jacob Malone,Gold,
12,Store_12,Burtonview,2023,Any,Toys,75.85,53,4020.05,725,David Johnson,Gold,
15,Store_15,Adamston,2048,Together,Books,473.36,29,13727.44,824,Travis Erickson,Platinum,
18,Store_18,West Molly,2052,Guy,Books,792.12,8,6336.96,629,Michael Williams,Gold,
20,Store_20,Jenniferchester,2098,Teacher,Automotive,139.65,59,8239.35,901,Deborah Richards,Platinum,
3,Store_3,Lindabury,2010,Man,Furniture,426.92,46,19638.32,506,Daniel Perez,Platinum,
20,Store_20,Latoyabury,2071,Foot,Grocery,595.52,3,1786.56,599,Rebecca Vaughan,Platinum,
2,Store_2,Chavezland,2019,Best,Books,604.75,38,22980.5,753,Willie White,Silver,
15,Store_15,Ashleystad,2076,Then,Grocery,644.4,29,18687.6,862,Dawn Jenkins,Gold,
16,Store_16,Martinezstad,2002,Company,Automotive,743.47,55,40890.85,636,Kristina Caldwell,Platinum,
8,Store_8,North Stephanie,2063,Charge,Toys,443.25,52,23049,962,Regina Morales,Silver,
8,Store_8,North Hollyburgh,2030,Partner,Toys,324.34,43,13946.62,516,Tyler Erickson,Silver,
8,Store_8,South Alishaport,2081,May,Automotive,213.84,19,4062.96,510,Mrs. Sandra Todd,Silver,
2,Store_2,Annetteland,2038,Property,Toys,794.1,10,7941,770,Lauren Schmidt,Gold,
8,Store_8,Christineton,2025,Politics,Furniture,212.23,57,12097.11,607,Erin Ruiz,Platinum,
1,Store_1,Paulfort,2092,Cut,Toys,466.45,37,17258.65,789,Barbara Ramirez,Silver,
11,Store_11,South Stephanieshire,2020,Step,Automotive,439.51,27,11866.77,756,David Moore,Platinum,
16,Store_16,North Aaronberg,2051,Thing,Grocery,551.7,47,25929.9,560,George Davis,Gold,
19,Store_19,Booneville,2061,Stay,Toys,180.69,53,9576.57,528,Jane Carter,Gold,
5,Store_5,East Breanna,2047,This,Automotive,742.56,9,6683.04,722,Alan Richardson,Silver,
7,Store_7,Wrightville,2036,Better,Automotive,242.36,33,7997.88,972,Ryan Foster,Gold,
4,Store_4,New Amyville,2020,Year,Furniture,103.95,14,1455.3,573,Thomas Stephens,Silver,
9,Store_9,Port Michael,2012,Age,Books,616.48,36,22193.28,534,Ashlee Brewer,Silver,
14,Store_14,Saramouth,2046,Real,Automotive,488.78,41,20039.98,703,Kimberly Wilson,Platinum,
18,Store_18,South Anthony,2090,Cup,Grocery,693.43,46,31897.78,702,Jose Carter,Silver,
9,Store_9,Donaldchester,2090,Street,Grocery,265.4,60,15924,567,Juan Peterson,Gold,
14,Store_14,Vaughanmouth,2009,Sit,Automotive,221.56,39,8640.84,782,Marcus Carter,Silver,
5,Store_5,North Jonathanborough,2037,Manage,Automotive,50.74,47,2384.78,970,Allen Ward,Gold,
16,Store_16,Lake William,2017,Heavy,Automotive,704.45,27,19020.15,524,Jason Pineda,Platinum,
7,Store_7,West Dustin,2098,Care,Furniture,694.58,53,36812.74,817,Michael Hernandez,Platinum,
17,Store_17,North Jessica,2055,Stuff,Furniture,90.54,40,3621.6,652,Peter Reyes,Platinum,
5,Store_5,Brownville,2004,Myself,Toys,192.95,14,2701.3,777,Willie Gonzalez,Platinum,
16,Store_16,South Robin,2063,Let,Toys,493.65,59,29125.35,721,Lisa Anthony,Platinum,
1,Store_1,Hansenhaven,2068,Tell,Automotive,518.5,60,31110,818,Henry Carey,Platinum,
10,Store_10,Rachelborough,2097,Really,Toys,417.28,56,23367.68,790,Michael Murphy,Platinum,
7,Store_7,Andersonbury,2051,Seven,Furniture,100.85,50,5042.5,744,William Moyer,Gold,
2,Store_2,Sheenahaven,2087,Attention,Furniture,644.5,12,7734,891,Christian Guzman,Platinum,
18,Store_18,North Debrastad,2092,Nothing,Books,680.44,44,29939.36,891,John Jackson,Platinum,
5,Store_5,Valdezfort,2037,Challenge,Grocery,701.18,17,11920.06,929,Mr. Robert Reid,Platinum,
17,Store_17,Stephenmouth,2026,Later,Furniture,88.26,33,2912.58,538,Lauren Roberts,Silver,
13,Store_13,West Christy,2073,Stop,Toys,77.19,37,2856.03,916,Aaron Kennedy,Gold,
14,Store_14,Port Pamelaview,2040,Star,Furniture,554.76,31,17197.56,841,Emma Francis,Silver,
1,Store_1,Lake Carlos,2035,Trip,Grocery,154.27,51,7867.77,712,Jeffery Mora,Gold,
15,Store_15,Karenton,2084,Partner,Toys,623.68,34,21205.12,597,Aaron White,Gold,
6,Store_6,West Ryan,2028,Thought,Books,315.84,4,1263.36,527,Michael Williams,Platinum,
11,Store_11,North Jerry,2062,Physical,Automotive,358.7,60,21522,835,Lindsey Good,Gold,
13,Store_13,Stephentown,2032,They,Automotive,607.69,58,35246.02,547,Kimberly Phillips,Gold,
8,Store_8,Smithchester,2056,Himself,Toys,452.28,30,13568.4,965,Renee Arias,Gold,
11,Store_11,West Jessicachester,2063,Generation,Grocery,387.36,18,6972.48,582,Mr. Michael Wang,Gold,
1,Store_1,Benjaminville,2055,Operation,Books,84.81,48,4070.88,963,Arthur Garcia,Gold,
18,Store_18,Lake Jacqueline,2038,Her,Grocery,230.61,6,1383.66,804,Amanda Watson,Gold,
9,Store_9,Faithborough,2079,Window,Grocery,62.05,9,558.45,628,Joshua Greene,Silver,
13,Store_13,Choifurt,2040,Oil,Furniture,647.9,23,14901.7,939,Valerie Jackson,Silver,
1,Store_1,Derekland,2077,Office,Books,485.33,31,15045.23,601,Stefanie Schwartz,Platinum,
3,Store_3,West William,2009,Hope,Automotive,161.07,28,4509.96,685,Kylie Chen,Platinum,
19,Store_19,Johnsonborough,2033,Stay,Furniture,485.59,30,14567.7,579,Miranda Brown,Platinum,
2,Store_2,Victoriaburgh,2066,Expert,Books,241.6,17,4107.2,801,Sabrina Johnson,Gold,
2,Store_2,Shahfort,2049,Age,Automotive,311.07,50,15553.5,886,Susan Mullins,Silver,
14,Store_14,North Maurice,2072,President,Books,673.35,24,16160.4,889,Amanda Moore,Gold,
7,Store_7,Bellchester,2070,Image,Automotive,590.5,50,29525,619,Megan Smith,Platinum,
17,Store_17,West Joshuaberg,2055,Carry,Grocery,719.11,15,10786.65,586,Nicholas Gill,Silver,
13,Store_13,Lake Nicolemouth,2001,Event,Automotive,71.71,30,2151.3,982,William Romero,Gold,
10,Store_10,Lake Timothytown,2035,Senior,Grocery,37.91,59,2236.69,587,Joseph Reed,Silver,
10,Store_10,Melindafurt,2081,Physical,Toys,266.01,45,11970.45,532,Kimberly Huffman,Platinum,
9,Store_9,Lindaside,2073,Fact,Grocery,207.98,23,4783.54,520,Christina Allen,Silver,
13,Store_13,Douglasland,2042,Challenge,Toys,141.59,25,3539.75,625,Crystal Smith,Gold,
7,Store_7,Lake Christopher,2055,Later,Grocery,275.97,7,1931.79,920,Rachael Davis,Silver,
20,Store_20,West Feliciaton,2057,Value,Toys,14.34,36,516.24,758,Deborah Edwards,Gold,
12,Store_12,West Zacharyhaven,2057,Room,Furniture,15.93,38,605.34,731,Steven Diaz,Platinum,
2,Store_2,West Davidport,2011,Keep,Books,710.82,30,21324.6,658,John Bowman,Platinum,
15,Store_15,Dawsonberg,2019,Financial,Automotive,543.31,50,27165.5,798,Jeffrey Stephens,Gold,
13,Store_13,West Josephmouth,2043,Action,Automotive,288.98,3,866.94,923,Lauren Mcknight DDS,Silver,
2,Store_2,Erinmouth,2090,Think,Automotive,320.09,17,5441.53,810,Sandra Griffin,Gold,
8,Store_8,Johntown,2055,Guess,Furniture,44.37,25,1109.25,932,Suzanne Holmes,Silver,
18,Store_18,Jackiemouth,2071,Less,Furniture,303.39,31,9405.09,978,Theresa Moore,Platinum,
7,Store_7,Lake Meganborough,2070,Hotel,Automotive,617.32,9,5555.88,965,Lisa Baker,Platinum,
20,Store_20,Carolynborough,2091,Important,Furniture,711.2,36,25603.2,930,Steven Chen,Gold,
16,Store_16,North Rachel,2064,Bring,Automotive,114.28,5,571.4,777,Christopher Morrison,Platinum,
7,Store_7,Stewartchester,2098,Television,Grocery,468.58,40,18743.2,920,Mark Thomas,Platinum,
9,Store_9,New Caitlynmouth,2075,Film,Toys,497.93,8,3983.44,564,Stephanie Phillips,Silver,
19,Store_19,East Williamland,2095,Tend,Automotive,563.53,58,32684.74,828,Robin Marshall,Silver,
20,Store_20,North Kennethmouth,2018,Wife,Books,78.79,54,4254.66,677,Amanda Garcia,Platinum,
18,Store_18,Hicksborough,2012,Learn,Grocery,586.03,17,9962.51,504,Eric Oconnor,Silver,
6,Store_6,West Gregg,2034,Hard,Furniture,501.12,52,26058.24,515,Andrea Tucker,Platinum,
4,Store_4,Stephanieburgh,2065,Offer,Furniture,575.25,53,30488.25,768,Joseph Rodriguez,Platinum,
17,Store_17,Kimberlybury,2054,Open,Furniture,345.64,35,12097.4,672,Stephanie Stout,Gold,
3,Store_3,Johnfurt,2081,Rather,Toys,446.16,42,18738.72,986,Rachel Shepherd,Platinum,
18,Store_18,Jamiefort,2051,Simple,Toys,436.26,5,2181.3,957,Misty Gordon,Platinum,
20,Store_20,Port Michael,2031,Idea,Toys,139.44,14,1952.16,795,Anita Hughes,Silver,
11,Store_11,Schmidtborough,2083,Fear,Toys,444.95,52,23137.4,629,John Russell,Silver,
5,Store_5,Jasonborough,2050,General,Automotive,14.25,13,185.25,719,Joseph Blake,Silver,
16,Store_16,East Michael,2055,Feeling,Automotive,610.71,53,32367.63,925,Elizabeth Williams,Silver,
5,Store_5,New Anthonyberg,2084,Trouble,Grocery,58.08,12,696.96,589,Patricia Johnson,Silver,
11,Store_11,Petersonland,2039,Movement,Grocery,286.08,14,4005.12,732,Amanda Phillips,Platinum,
12,Store_12,Turnermouth,2086,Budget,Furniture,307.89,2,615.78,638,Bryan Ramos,Gold,
8,Store_8,Port Gabriel,2002,Phone,Furniture,133.31,60,7998.6,565,John Harmon,Silver,
8,Store_8,Zacharymouth,2090,Hope,Automotive,212.58,36,7652.88,532,Steven Guerrero,Platinum,
17,Store_17,Acostastad,2091,Rate,Toys,433.69,42,18214.98,808,Katie Tate,Silver,
17,Store_17,South Tiffanyberg,2097,Threat,Furniture,101.69,47,4779.43,589,Diane Wilson,Platinum,
14,Store_14,Lake Tiffany,2073,Visit,Books,755.2,16,12083.2,655,Angela Lane,Silver,
11,Store_11,New Ronnieland,2005,Idea,Toys,380.81,1,380.81,762,Wesley Hartman,Platinum,
12,Store_12,Jenniferton,2031,Hope,Toys,607.88,9,5470.92,973,Kathryn Becker,Silver,
16,Store_16,Calhounfort,2079,Someone,Automotive,284.08,1,284.08,614,Bill Graham,Platinum,
19,Store_19,Lake James,2071,Little,Furniture,284.86,39,11109.54,765,Bethany King,Silver,
20,Store_20,Jefferyport,2035,Fill,Furniture,792.34,4,3169.36,807,Robyn Watson,Silver,
14,Store_14,New Lisashire,2059,Deep,Toys,11.84,15,177.6,838,Sarah Reed,Gold,
17,Store_17,Port Melissatown,2081,War,Grocery,354.36,47,16654.92,678,Sharon Hoover,Silver,
9,Store_9,Hammondview,2021,Citizen,Toys,701.5,6,4209,620,Dawn Thomas,Gold,
11,Store_11,Morenoberg,2047,Memory,Automotive,184.5,29,5350.5,581,Thomas Williams,Gold,
10,Store_10,Ericfort,2002,Here,Furniture,121.78,26,3166.28,607,Steven Levy,Silver,
4,Store_4,Walshland,2031,Project,Grocery,595.25,46,27381.5,861,Collin Wright,Silver,
20,Store_20,Rickyburgh,2070,Or,Toys,609.36,9,5484.24,996,Ashley Mason,Silver,
19,Store_19,New Ronald,2006,Father,Grocery,745.52,30,22365.6,976,Stephen Sims,Silver,
13,Store_13,Travisborough,2090,Blue,Furniture,559.66,41,22946.06,753,Pamela Tran,Silver,
8,Store_8,Briggsmouth,2078,Laugh,Books,734.59,56,41137.04,639,Devin Bryan,Gold,
17,Store_17,Luisburgh,2096,Around,Books,499.96,9,4499.64,536,Alicia Everett,Silver,
17,Store_17,Lake Danielside,2096,Issue,Books,210.78,5,1053.9,595,Judy Kim,Platinum,
20,Store_20,Amandashire,2073,Management,Automotive,741.39,2,1482.78,592,David Robinson,Platinum,
10,Store_10,Zacharymouth,2079,Third,Furniture,35.11,21,737.31,570,Vanessa Taylor,Silver,
5,Store_5,Nicholeshire,2034,Middle,Automotive,545.27,44,23991.88,962,Charles King,Gold,
11,Store_11,New Cindyton,2043,Interview,Books,675.78,30,20273.4,710,Sarah Flynn,Silver,
5,Store_5,North Shannon,2028,Pass,Toys,416.01,39,16224.39,639,William Hall,Platinum,
2,Store_2,West Tammy,2036,Example,Furniture,203.69,38,7740.22,909,Scott Anderson,Gold,
6,Store_6,Campbellland,2035,Why,Grocery,103.27,7,722.89,711,Amber Hayes,Silver,
18,Store_18,Lake Cynthiamouth,2071,Imagine,Grocery,220.87,46,10160.02,678,Margaret Anderson,Platinum,
1,Store_1,Port Amanda,2057,Treat,Automotive,459.79,40,18391.6,664,Emily Jackson,Silver,
18,Store_18,Jacquelineside,2088,I,Grocery,490,56,27440,799,Luis Ortiz,Silver,
16,Store_16,Port Annaberg,2091,Just,Books,520.53,22,11451.66,999,Tabitha Cummings,Silver,
4,Store_4,East Adrianport,2048,Morning,Furniture,30.41,29,881.89,557,Kevin Lopez,Gold,
15,Store_15,South Christopher,2093,Hit,Grocery,451.6,6,2709.6,933,David Carroll,Gold,
9,Store_9,Jasonhaven,2013,Quite,Grocery,137.38,43,5907.34,521,Erika Velasquez,Silver,
1,Store_1,Aliciaside,2040,Truth,Furniture,366,60,21960,677,Peter Jones,Platinum,
2,Store_2,Port Sergio,2014,National,Grocery,530.95,55,29202.25,763,Brenda Rhodes,Silver,
13,Store_13,New Kathyshire,2028,At,Automotive,741.31,37,27428.47,937,Raymond Mendez,Silver,
17,Store_17,Christianborough,2011,Improve,Automotive,233.59,3,700.77,774,Tammy Park,Platinum,
14,Store_14,Port Staceyland,2076,Else,Books,128.73,59,7595.07,986,Stephanie Collins,Gold,
16,Store_16,Christyberg,2093,Actually,Toys,793.48,15,11902.2,829,Susan Smith,Silver,
19,Store_19,East Madisonberg,2030,Room,Toys,602.12,31,18665.72,617,Andrea Lane,Platinum,
5,Store_5,Millerchester,2056,Behavior,Grocery,685.76,10,6857.6,757,Joy Carr,Gold,
2,Store_2,Sullivanport,2088,Health,Grocery,457.91,50,22895.5,570,Samuel Barrett,Gold,
3,Store_3,Gregorymouth,2057,Up,Books,467.63,20,9352.6,697,Jason Tapia,Silver,
7,Store_7,New Kelly,2013,Safe,Automotive,569.6,3,1708.8,638,Joel Trevino,Gold,
17,Store_17,Kathleenside,2084,Explain,Furniture,644.45,27,17400.15,895,Melinda Mcdonald,Silver,
18,Store_18,East Johnbury,2057,Explain,Books,519.05,48,24914.4,807,Jennifer Martin,Gold,
11,Store_11,West Brianfort,2088,Let,Toys,557.19,40,22287.6,809,Julia Bailey,Silver,
7,Store_7,Gonzalezfort,2096,Indicate,Furniture,119.74,15,1796.1,683,Kathleen Kim,Gold,
5,Store_5,Gregoryborough,2058,Open,Books,112.74,42,4735.08,672,Courtney Santana,Silver,
15,Store_15,Abigailmouth,2003,Shoulder,Automotive,129.88,21,2727.48,590,Hector Osborne,Silver,
4,Store_4,Andreaburgh,2074,Either,Grocery,41.53,44,1827.32,705,John Sweeney,Platinum,
5,Store_5,Jessicafort,2058,Camera,Automotive,573.76,11,6311.36,637,Karen Robinson,Silver,
18,Store_18,New Douglas,2043,Mouth,Toys,361.98,22,7963.56,516,Allison Chen,Gold,
14,Store_14,New Matthewchester,2088,Road,Automotive,105.83,17,1799.11,875,Cathy Ward,Silver,
4,Store_4,Robertside,2059,Cut,Books,302.9,35,10601.5,503,Michael Gonzalez,Platinum,
3,Store_3,Lake Emilyhaven,2054,Because,Books,520.11,23,11962.53,658,Rhonda Nielsen,Silver,
10,Store_10,West Edwardhaven,2008,Style,Toys,186.45,35,6525.75,658,Victoria Ewing,Silver,
4,Store_4,Iantown,2097,Describe,Books,174.92,18,3148.56,888,Kevin Garcia,Gold,
14,Store_14,South Paulstad,2089,Result,Books,484.59,13,6299.67,575,Nathan Andrade,Gold,
6,Store_6,Whitetown,2003,Quite,Automotive,375.66,39,14650.74,527,Frank Hobbs,Silver,
18,Store_18,Jasminmouth,2007,Hand,Books,476.58,16,7625.28,771,Miss Rachel Johnson,Platinum,
9,Store_9,East Robert,2059,Prepare,Books,522.19,40,20887.6,618,Jonathan Frost,Platinum,
13,Store_13,North David,2038,Top,Toys,625.59,52,32530.68,722,Charles Perez,Silver,
6,Store_6,Elizabethfort,2045,Raise,Books,714.06,29,20707.74,843,Mr. Marcus Delgado,Platinum,
16,Store_16,North Jennyville,2078,Ball,Grocery,788.17,27,21280.59,570,Eric Young,Gold,
2,Store_2,North Mark,2006,Build,Furniture,101.57,48,4875.36,610,David Archer,Silver,
8,Store_8,North Ashley,2040,He,Grocery,20.81,32,665.92,884,Sonya Walsh,Gold,
19,Store_19,Michaelshire,2016,Sure,Furniture,287.11,1,287.11,967,Terri Anderson,Platinum,
14,Store_14,Michellechester,2098,World,Books,354.09,6,2124.54,571,Joanna Mendoza,Gold,
8,Store_8,Michellestad,2092,Stop,Automotive,211.95,55,11657.25,639,Cameron Delgado,Gold,
15,Store_15,Port Lucas,2047,Vote,Toys,330.27,9,2972.43,749,Jessica Haley,Platinum,
3,Store_3,West Toniborough,2085,Arrive,Grocery,101.9,48,4891.2,701,Adam Alexander,Silver,
19,Store_19,Stephenston,2060,Issue,Books,267.58,40,10703.2,793,Tyrone Wong,Platinum,
16,Store_16,South Leonard,2002,Protect,Books,133.95,13,1741.35,515,Tracy Sparks,Gold,
8,Store_8,Port Christopher,2026,Above,Toys,602.45,23,13856.35,667,Thomas Watkins,Silver,
3,Store_3,New Courtney,2046,Both,Books,94.79,3,284.37,749,Jordan Huang,Platinum,
1,Store_1,South Vanessa,2068,Professor,Furniture,350.7,32,11222.4,989,Valerie Valdez,Gold,
17,Store_17,Noahbury,2085,Since,Toys,105.13,50,5256.5,941,Anthony Burgess,Silver,
7,Store_7,Lawsonmouth,2098,Together,Toys,410.55,59,24222.45,763,Angela Waller,Silver,
17,Store_17,West Paul,2085,Because,Books,223.35,60,13401,844,Lisa Joseph,Gold,
4,Store_4,Lake Brianna,2072,Agreement,Books,711.37,14,9959.18,934,Christopher Mercer,Gold,
13,Store_13,Port Robertfort,2065,Foot,Grocery,793.92,50,39696,717,Michael Martinez,Gold,
7,Store_7,Hallfurt,2070,Should,Grocery,695.94,56,38972.64,555,Christina Jackson,Platinum,
5,Store_5,North Joshuaport,2079,I,Books,84.75,33,2796.75,920,Richard Wheeler,Gold,
13,Store_13,North Douglashaven,2078,Lot,Toys,466.67,2,933.34,556,Andrea Alvarado,Silver,
15,Store_15,Taylorfurt,2018,And,Automotive,397.18,51,20256.18,595,Paul Stone,Silver,
11,Store_11,West Danielle,2085,General,Furniture,693.34,58,40213.72,861,Matthew Lutz,Gold,
3,Store_3,Staffordshire,2070,Site,Grocery,245.8,15,3687,927,Courtney Gonzalez,Gold,
2,Store_2,Josephborough,2004,Perform,Automotive,674.49,29,19560.21,959,Randy Williams,Gold,
16,Store_16,East Anthony,2027,Hour,Toys,648.66,37,24000.42,747,Felicia Johnson DDS,Platinum,
19,Store_19,West Carlos,2079,Pressure,Furniture,599.21,58,34754.18,651,Evelyn Morales,Silver,
2,Store_2,North Thomas,2001,Easy,Furniture,635.16,2,1270.32,559,Sherry Carey,Silver,
19,Store_19,Blairside,2036,Course,Automotive,610.81,46,28097.26,663,Rodney Ramirez,Silver,
18,Store_18,Davidburgh,2092,West,Grocery,339.64,2,679.28,639,David Gutierrez,Platinum,
15,Store_15,Dannychester,2087,Way,Furniture,418.58,2,837.16,612,Joel Armstrong,Silver,
15,Store_15,South Jay,2083,Suddenly,Automotive,468.77,60,28126.2,791,Cindy Massey,Silver,
18,Store_18,Byrdmouth,2032,Seem,Furniture,757.78,25,18944.5,514,Kyle Bolton,Silver,
18,Store_18,East Antonioton,2010,Talk,Toys,729.15,44,32082.6,862,Luke Booker,Gold,
16,Store_16,Jenniferburgh,2019,Else,Grocery,593.01,10,5930.1,763,Cameron Anderson,Silver,
16,Store_16,Port Bob,2085,Population,Toys,82.69,36,2976.84,543,Frederick Brown,Gold,
14,Store_14,Lake Adamfurt,2051,Minute,Grocery,380.69,50,19034.5,800,Jeremy Wilson,Silver,
14,Store_14,Lake Jamesburgh,2055,Discuss,Automotive,584.31,15,8764.65,735,Meghan Choi,Gold,
19,Store_19,Port Davidmouth,2048,Including,Toys,267.45,2,534.9,861,Natasha Grant,Platinum,
15,Store_15,East Teresa,2048,Economic,Grocery,503.02,27,13581.54,625,Andrew Kelly,Gold,
3,Store_3,Bishopmouth,2081,Laugh,Toys,237.26,46,10913.96,910,Amanda Marshall,Silver,
11,Store_11,North Karenside,2049,Wear,Automotive,765.29,58,44386.82,554,Toni Smith,Gold,
9,Store_9,Hollandfort,2089,Care,Automotive,455.2,27,12290.4,901,Amy Buchanan,Gold,
17,Store_17,Samanthaland,2097,Television,Furniture,295.53,13,3841.89,800,Janet Collins,Silver,
15,Store_15,West Ashleyview,2004,House,Books,357.65,7,2503.55,812,Christina Nguyen,Platinum,
17,Store_17,Kaylaland,2042,Two,Furniture,465.76,6,2794.56,988,James Watkins,Gold,
8,Store_8,Port Lawrenceport,2050,Spring,Books,104.91,41,4301.31,974,Timothy Harris,Platinum,
16,Store_16,Carriemouth,2066,Among,Furniture,476.62,48,22877.76,820,Makayla Young,Platinum,
3,Store_3,South Jodi,2059,Pick,Books,520.11,49,25485.39,801,Javier Gray,Gold,
11,Store_11,Tylerhaven,2069,Heavy,Furniture,142.22,1,142.22,758,Mark West,Gold,
6,Store_6,Hamiltonton,2062,Type,Toys,600.86,10,6008.6,855,Roy Perez,Gold,
15,Store_15,Lake Eric,2042,Throughout,Furniture,74.21,30,2226.3,687,Melvin Mcdonald,Platinum,
9,Store_9,Westberg,2092,Machine,Toys,298.39,38,11338.82,534,Cody Barrett,Gold,
16,Store_16,Philipton,2032,Say,Books,65.14,27,1758.78,712,Linda Jones,Silver,
19,Store_19,Guerreroside,2077,Oil,Books,530.2,16,8483.2,918,Joy Spence,Platinum,
11,Store_11,Lake Stacey,2028,With,Automotive,524.73,34,17840.82,622,Jacob Lara,Gold,
11,Store_11,Lake Natalie,2031,Specific,Automotive,18.56,56,1039.36,544,Renee Vargas,Platinum,
20,Store_20,Tabithaview,2081,Its,Toys,563.99,9,5075.91,670,Cheryl Mooney,Gold,
8,Store_8,Michaelbury,2050,Power,Grocery,87.69,13,1139.97,768,Becky Christensen,Gold,
19,Store_19,Natalieport,2075,Administration,Furniture,55.06,55,3028.3,999,Robert Lee,Platinum,
15,Store_15,Lake Ronald,2093,Window,Automotive,215.5,35,7542.5,863,Chase Torres,Gold,
3,Store_3,Donaldmouth,2012,Return,Toys,73.42,58,4258.36,874,Kathryn Bell,Silver,
15,Store_15,New James,2007,Represent,Books,507.25,40,20290,890,Ann Johnson,Silver,
6,Store_6,Lake Matthew,2040,So,Grocery,755.07,55,41528.85,639,Grant Lloyd,Gold,
16,Store_16,East Victoria,2095,Fish,Books,737.41,29,21384.89,800,Thomas Everett,Silver,
8,Store_8,Barajasberg,2027,Fill,Toys,795.79,26,20690.54,571,Elizabeth Smith,Platinum,
4,Store_4,New Craigton,2090,Wrong,Books,337.47,27,9111.69,505,Emily Fry,Platinum,
6,Store_6,Schmittfurt,2010,South,Automotive,14.91,42,626.22,979,David Pierce,Platinum,
14,Store_14,Sheppardhaven,2012,Summer,Furniture,152.46,60,9147.6,808,Carlos Thomas,Gold,
19,Store_19,Lake Scott,2007,Even,Furniture,330.38,42,13875.96,683,Ashley Sullivan,Silver,
19,Store_19,North Kyle,2051,Have,Toys,728.99,9,6560.91,660,James Wright,Platinum,
12,Store_12,Port Dustinville,2001,Pick,Grocery,712.23,54,38460.42,952,Jaime Lopez,Platinum,
7,Store_7,Samuelton,2070,Policy,Furniture,746.17,22,16415.74,791,Victoria Pierce,Gold,
10,Store_10,Robbinsmouth,2041,Mr,Automotive,726.58,29,21070.82,949,Nathaniel Richardson,Gold,
17,Store_17,East Malik,2084,Take,Toys,34.98,55,1923.9,562,Joseph Williams,Silver,
9,Store_9,South Angelamouth,2022,Newspaper,Books,557.39,41,22852.99,601,Adam Taylor,Platinum,
14,Store_14,South Lisa,2072,Throw,Furniture,442.9,57,25245.3,857,Lisa Jimenez,Gold,
2,Store_2,Matthewberg,2073,Message,Toys,510.29,43,21942.47,656,Tammy Bailey,Silver,
15,Store_15,Amyburgh,2084,Police,Furniture,95.46,60,5727.6,820,Robert Newman,Silver,
6,Store_6,South Nicolemouth,2045,Course,Furniture,640.39,18,11527.02,726,Krystal White,Gold,
1,Store_1,Shawstad,2096,Situation,Furniture,705.07,8,5640.56,878,Chloe Burch,Silver,
8,Store_8,Lake Patrick,2040,Pass,Grocery,344.09,52,17892.68,635,Robert Hinton,Silver,
10,Store_10,Maciasmouth,2047,Garden,Books,258.67,16,4138.72,506,Paul Smith,Platinum,
15,Store_15,North Cynthiafort,2076,There,Grocery,768.1,35,26883.5,776,Bernard Townsend,Silver,
18,Store_18,West Samantha,2090,Piece,Grocery,572.64,55,31495.2,857,Karen Ortiz,Platinum,
6,Store_6,Stephanieshire,2026,Pm,Furniture,505.95,4,2023.8,832,Emily Mccarty,Platinum,
7,Store_7,Jenkinschester,2007,Product,Grocery,423.34,49,20743.66,624,Shawn Smith,Gold,
11,Store_11,South Susanmouth,2072,Technology,Grocery,702.5,11,7727.5,626,Michael Harris,Gold,
4,Store_4,Youngshire,2009,Thing,Grocery,728.61,44,32058.84,563,Lisa Hardin,Platinum,
8,Store_8,South Jasonfurt,2055,Language,Books,152.2,48,7305.6,914,Kim Byrd,Platinum,
9,Store_9,Daviston,2064,Clearly,Grocery,765.77,28,21441.56,834,Sylvia Graham,Platinum,
14,Store_14,East Kenneth,2054,Store,Toys,129.11,23,2969.53,615,Tyler Smith,Silver,
5,Store_5,East Melindashire,2020,Too,Books,55.91,35,1956.85,729,Kimberly Webster,Silver,
4,Store_4,Oliverbury,2050,Debate,Grocery,11.68,47,548.96,751,Michael Brown,Gold,
13,Store_13,North Kenneth,2010,Evidence,Books,272.69,51,13907.19,700,Shirley Taylor,Platinum,
7,Store_7,Ricardoland,2042,Member,Automotive,22.23,4,88.92,537,Patrick Mathews,Gold,
6,Store_6,North Melissa,2035,Ten,Grocery,407.49,34,13854.66,630,Nicole Paul,Silver,
14,Store_14,West Lauren,2043,Development,Automotive,685.22,42,28779.24,942,Andrew Smith,Platinum,
14,Store_14,Goodmanberg,2093,Develop,Furniture,647.34,44,28482.96,616,James Hunter,Gold,
15,Store_15,South Karenchester,2038,Network,Furniture,423.12,22,9308.64,917,Adam Miller,Gold,
2,Store_2,South Melissaville,2024,Arrive,Books,31.84,14,445.76,564,Stephanie Long,Platinum,
11,Store_11,Jeffreyton,2018,Between,Grocery,498.26,38,18933.88,801,Susan Sharp,Silver,
7,Store_7,Port Jenniferview,2060,Then,Automotive,659.06,44,28998.64,527,Dawn Spencer,Platinum,
3,Store_3,Samuelmouth,2068,This,Furniture,199.68,31,6190.08,967,Eric Davis,Platinum,
18,Store_18,New Danielbury,2004,Energy,Grocery,412.45,33,13610.85,787,Terry Richardson,Silver,
12,Store_12,East Jose,2044,Three,Books,581.42,34,19768.28,539,Mary Stark,Silver,
18,Store_18,Dixonburgh,2027,Common,Toys,398.53,42,16738.26,990,Christopher Greene,Silver,
18,Store_18,Lake Natashaburgh,2070,Hospital,Furniture,449.06,24,10777.44,572,Gregory Valenzuela,Silver,
16,Store_16,Roberthaven,2010,Heavy,Furniture,442.84,2,885.68,523,Timothy Velasquez,Platinum,
20,Store_20,Lake Amyville,2022,Five,Books,710.15,40,28406,746,Cynthia Hall,Gold,
15,Store_15,Ballhaven,2079,These,Toys,254.9,22,5607.8,901,Sandra Powers,Platinum,
2,Store_2,Jacquelineberg,2018,Public,Books,117.24,5,586.2,658,Michael Maxwell,Gold,
3,Store_3,Baxterport,2033,Sing,Automotive,212.39,29,6159.31,537,Michael Gilmore,Platinum,
1,Store_1,Richardborough,2078,Lot,Automotive,394.41,41,16170.81,816,Amber Jones,Platinum,
3,Store_3,Michaelshire,2044,During,Automotive,503.71,60,30222.6,863,James Collins,Gold,
13,Store_13,Bowersshire,2005,Field,Automotive,294.92,59,17400.28,861,Tammy Abbott,Gold,
15,Store_15,Jeffreyton,2032,Discussion,Toys,422.78,20,8455.6,531,Charles Carter,Platinum,
19,Store_19,Watkinsport,2021,Able,Toys,491.83,46,22624.18,669,Peggy Robinson,Platinum,
1,Store_1,Marialand,2092,Road,Grocery,743.98,7,5207.86,632,Kayla Macdonald,Silver,
19,Store_19,North Jenniferside,2053,War,Toys,506.61,13,6585.93,696,William Chan,Gold,
13,Store_13,Curryfurt,2041,Manage,Toys,286.07,41,11728.87,539,Paige Olson,Silver,
19,Store_19,Gomezberg,2079,Move,Toys,225.59,59,13309.81,975,Matthew Burnett,Platinum,
18,Store_18,Evansburgh,2069,Everyone,Furniture,45.55,15,683.25,889,Rebecca Clark,Platinum,
17,Store_17,Janettown,2064,Trial,Toys,269.99,45,12149.55,755,Craig Foster,Silver,
1,Store_1,West Leslie,2031,Law,Automotive,773.81,24,18571.44,553,Ronald Garza,Gold,
9,Store_9,West Deborahbury,2043,Approach,Furniture,512.73,35,17945.55,838,Jamie Castro,Platinum,
18,Store_18,Joshuabury,2013,Share,Toys,460.34,51,23477.34,791,William Moore,Gold,
5,Store_5,North Daniel,2096,Myself,Books,606.74,22,13348.28,951,Anna Gates,Gold,
4,Store_4,Amyville,2073,Sort,Books,171.6,58,9952.8,573,Ashley Garcia,Gold,
16,Store_16,Coxbury,2037,Kind,Grocery,387.57,23,8914.11,550,Sheila Bright,Silver,
15,Store_15,East Matthewburgh,2049,Even,Automotive,432.63,52,22496.76,823,Meredith Harrison,Platinum,
11,Store_11,Lake Cherylhaven,2026,Them,Furniture,744.76,13,9681.88,676,Robert Adams,Platinum,
10,Store_10,Port Ryan,2089,Kitchen,Books,513.87,26,13360.62,568,David Rivera,Platinum,
14,Store_14,South Linda,2020,Admit,Automotive,203.15,39,7922.85,663,Sandra Frost,Silver,
5,Store_5,New Kiara,2002,Teach,Automotive,654.47,24,15707.28,714,Brent Davis,Gold,
7,Store_7,North Tommyside,2012,Foreign,Furniture,87.93,10,879.3,932,Adam Stuart,Silver,
18,Store_18,North David,2058,Serve,Toys,650.9,22,14319.8,671,Michael Frederick,Gold,
1,Store_1,Castilloview,2026,Force,Books,331.95,26,8630.7,558,Jeremy Young,Platinum,
4,Store_4,Kennethton,2071,Free,Grocery,132.24,18,2380.32,619,Valerie Brewer,Gold,
16,Store_16,Port Micheleburgh,2074,After,Grocery,343.26,24,8238.24,942,Jesse Mueller,Platinum,
17,Store_17,North Deborah,2028,During,Automotive,613.62,10,6136.2,578,Gabriel Pitts,Platinum,
19,Store_19,Port Amandafort,2000,International,Books,30.42,15,456.3,795,Billy Dyer,Platinum,
5,Store_5,West Jacob,2023,Get,Furniture,505.53,24,12132.72,889,Nicole Cannon,Platinum,
9,Store_9,Lake Anthonyview,2023,Effort,Automotive,501.51,12,6018.12,680,Alyssa Palmer,Gold,
6,Store_6,Amandaville,2082,Indeed,Toys,46.24,1,46.24,917,Mitchell Thornton,Silver,
5,Store_5,Sheppardville,2014,Or,Books,671.13,3,2013.39,515,Henry Smith,Gold,
20,Store_20,Port Angel,2078,Administration,Furniture,766.57,5,3832.85,503,John Perez,Silver,
11,Store_11,Port Gregorybury,2087,Way,Toys,315.33,51,16081.83,962,Melvin Bullock,Platinum,
11,Store_11,Kristinport,2048,Newspaper,Toys,333.9,59,19700.1,713,Beverly Stevens,Gold,
13,Store_13,Port Jasmine,2053,Window,Automotive,440.59,21,9252.39,591,Robert Mclaughlin,Platinum,
19,Store_19,Vaughnton,2064,Around,Furniture,518.68,3,1556.04,951,Lorraine Parker,Platinum,
6,Store_6,West Joseph,2041,Another,Furniture,512.5,51,26137.5,887,Jim Powell,Gold,
6,Store_6,Rachelmouth,2048,Song,Automotive,398.13,52,20702.76,802,Bryce Hammond,Gold,
18,Store_18,North Kendra,2046,Security,Toys,311.22,41,12760.02,897,Carl Nelson,Silver,
16,Store_16,New Christopherchester,2073,Maintain,Books,104.81,27,2829.87,879,Allison Taylor,Silver,
10,Store_10,Lake Davidtown,2043,Trade,Toys,219.13,55,12052.15,735,James Anderson,Platinum,
11,Store_11,New Shaun,2045,Value,Books,666.09,26,17318.34,541,Caitlin Foley,Gold,
15,Store_15,Knightfort,2003,Maintain,Furniture,710.39,42,29836.38,652,Marcus Lucas,Platinum,
13,Store_13,West Justinberg,2022,Protect,Furniture,653.1,42,27430.2,593,Angelica Gray,Silver,
20,Store_20,North Cynthia,2088,His,Toys,67.35,38,2559.3,720,Steven Silva,Platinum,
8,Store_8,Jennifermouth,2032,Degree,Toys,506.2,9,4555.8,974,Austin Day,Silver,
11,Store_11,Christineview,2051,Care,Toys,296.43,40,11857.2,805,Gregory Matthews,Platinum,
2,Store_2,Barajasview,2060,Student,Grocery,630.11,21,13232.31,638,Kathy Jones,Platinum,
2,Store_2,Manningport,2040,Language,Books,501.56,54,27084.24,789,Felicia Carson,Gold,
16,Store_16,Stephanieshire,2063,Brother,Grocery,367.64,31,11396.84,594,Debra Alexander,Gold,
11,Store_11,Curtisport,2077,Hundred,Grocery,250.33,15,3754.95,781,Jason Anderson,Platinum,
12,Store_12,Robertmouth,2036,Source,Toys,471.07,22,10363.54,702,Diane Chen,Silver,
20,Store_20,Trujilloberg,2035,Next,Toys,484.7,46,22296.2,553,Adam Smith,Platinum,
3,Store_3,North Andrew,2020,Dream,Furniture,481.93,41,19759.13,928,Jessica Alexander,Gold,
3,Store_3,Hillmouth,2063,Send,Furniture,600,13,7800,908,Debra Hood,Silver,
17,Store_17,Mendozamouth,2023,Fill,Grocery,113.15,50,5657.5,593,Lori Black,Gold,
3,Store_3,Cervantesmouth,2039,Order,Grocery,664.21,39,25904.19,541,Lauren Austin,Silver,
2,Store_2,New Brookeport,2025,Night,Automotive,130.43,45,5869.35,856,Lisa Sims,Platinum,
19,Store_19,West Katrina,2043,Listen,Furniture,152.44,22,3353.68,572,Miguel Rosario,Gold,
16,Store_16,Paulfurt,2055,Health,Automotive,217.35,2,434.7,624,Brian Cameron DVM,Silver,
10,Store_10,Amandaborough,2086,Responsibility,Toys,245.51,40,9820.4,781,Chris Macdonald,Gold,
10,Store_10,Lake Bobbyport,2015,His,Books,41.38,19,786.22,957,Jamie Delacruz,Gold,
14,Store_14,Richardsstad,2058,Small,Grocery,702.04,38,26677.52,927,Tammy Mcdonald,Platinum,
13,Store_13,Billyland,2057,Director,Books,415.25,17,7059.25,819,Kayla Davis,Silver,
10,Store_10,Yorkchester,2020,Care,Furniture,80.69,14,1129.66,949,Timothy Woods,Platinum,
3,Store_3,North Scotttown,2047,Green,Grocery,294.51,16,4712.16,855,Sandra Harrison,Silver,
18,Store_18,East Donald,2069,Value,Furniture,451.53,23,10385.19,649,Michelle Mills,Platinum,
3,Store_3,Wigginsberg,2048,Drive,Toys,11.63,51,593.13,979,Ricky Nelson Jr.,Platinum,
12,Store_12,Duartetown,2034,National,Books,679.08,55,37349.4,947,Christine Sosa,Gold,
5,Store_5,North Briantown,2064,Activity,Automotive,652.21,38,24783.98,730,Nathan Peterson,Platinum,
2,Store_2,Jamesside,2032,Brother,Furniture,787.58,55,43316.9,555,Edward Herring III,Gold,
19,Store_19,Lake Brooke,2050,Senior,Furniture,226.17,40,9046.8,841,Elizabeth Howard,Silver,
11,Store_11,Staceyburgh,2005,Should,Automotive,559.54,23,12869.42,609,Aaron Nicholson,Gold,
9,Store_9,Stephanieview,2061,Stand,Grocery,662.87,11,7291.57,539,Danielle Morgan,Gold,
9,Store_9,Oliverport,2071,Standard,Automotive,780.92,37,28894.04,824,Joseph Welch,Silver,
11,Store_11,Sampsonville,2046,Bring,Furniture,737.16,2,1474.32,887,Michael Molina,Platinum,
1,Store_1,Melissafort,2026,Family,Grocery,666.03,56,37297.68,578,Jeffrey Perez,Platinum,
17,Store_17,Pamelachester,2037,Discuss,Furniture,11.13,26,289.38,816,Bridget Morrison,Silver,
17,Store_17,South Pamelaberg,2083,Trade,Furniture,185.99,48,8927.52,835,Gina Coleman,Gold,
2,Store_2,North Cynthia,2095,Large,Automotive,343.29,36,12358.44,601,Christina Jones,Silver,
18,Store_18,New Evelynburgh,2056,Line,Automotive,543.74,29,15768.46,782,Kathryn Paul,Gold,
16,Store_16,Michaelfort,2038,Debate,Furniture,306.62,10,3066.2,649,Jean Hunter,Gold,
7,Store_7,New Jessica,2031,Form,Furniture,296.66,46,13646.36,699,Rachel Bell,Platinum,
11,Store_11,Bergerstad,2021,Scientist,Books,375.07,26,9751.82,552,Madison Wright,Silver,
1,Store_1,Port Marciaport,2093,Drop,Grocery,391.45,49,19181.05,663,Jane Garza,Gold,
8,Store_8,West Amanda,2079,Trouble,Automotive,545.24,2,1090.48,886,John Green,Gold,
12,Store_12,Henryberg,2067,Will,Books,383.84,42,16121.28,505,Luis Jones,Silver,
11,Store_11,West Loganview,2071,Risk,Furniture,110.13,23,2532.99,545,Jeremy Brock,Platinum,
7,Store_7,Thomashaven,2064,Media,Books,630.34,54,34038.36,649,Elizabeth Nelson,Gold,
17,Store_17,Nicholasside,2008,Require,Books,354.35,30,10630.5,641,Molly Medina,Gold,
11,Store_11,New Isabelburgh,2062,Those,Furniture,701.38,59,41381.42,943,Jasmine French,Silver,
13,Store_13,Deleonberg,2076,Race,Toys,199.89,47,9394.83,999,Joel Williams,Silver,
18,Store_18,North Brianville,2033,Subject,Automotive,334.31,10,3343.1,814,Elizabeth Briggs,Platinum,
14,Store_14,New Robert,2051,Size,Books,120.25,20,2405,530,Nathan Rollins,Silver,
15,Store_15,North Gabriel,2004,Fill,Books,769.37,10,7693.7,762,Sara Lewis,Silver,
14,Store_14,West Jamesview,2008,Easy,Toys,720.72,37,26666.64,532,Richard Krueger,Gold,
5,Store_5,Morganville,2039,Focus,Automotive,149.56,9,1346.04,576,Jessica Mathews,Gold,
18,Store_18,Matthewborough,2071,Become,Grocery,372.5,24,8940,949,Henry Carroll,Silver,
16,Store_16,South Charles,2090,Charge,Automotive,689.92,27,18627.84,835,Kimberly Moore,Silver,
17,Store_17,East Michellestad,2023,Approach,Books,597.13,11,6568.43,872,Antonio Huff,Silver,
12,Store_12,Port Michaelmouth,2064,Street,Grocery,606.71,50,30335.5,695,Jake Stone,Gold,
3,Store_3,Youngshire,2000,Financial,Books,417.09,7,2919.63,678,Brian Taylor,Silver,
8,Store_8,Oliviafurt,2022,Number,Automotive,447.51,41,18347.91,592,Jamie Barnett,Platinum,
18,Store_18,Gilesville,2020,Mr,Furniture,108.02,24,2592.48,668,Brandy Brown,Gold,
5,Store_5,Ramirezborough,2079,Newspaper,Grocery,371.87,21,7809.27,608,Michael Thomas,Silver,
18,Store_18,Davidmouth,2078,Place,Furniture,276.15,32,8836.8,868,Deborah Young,Gold,
9,Store_9,Amyburgh,2080,Three,Furniture,733.46,3,2200.38,996,Cameron Rose,Silver,
20,Store_20,Jessicafurt,2024,Play,Grocery,645.09,13,8386.17,581,Brittany Thompson,Gold,
4,Store_4,Deckerfurt,2035,Can,Furniture,396.68,7,2776.76,819,Maria Huffman,Gold,
12,Store_12,Adamsberg,2017,Race,Toys,680.65,58,39477.7,650,Samantha Castillo,Gold,
18,Store_18,North Stephanieport,2037,Film,Automotive,479.95,30,14398.5,604,Jennifer Holmes,Gold,
20,Store_20,Deborahton,2058,Color,Toys,135.34,10,1353.4,580,David James,Platinum,
6,Store_6,Dominguezchester,2061,Crime,Grocery,119.71,17,2035.07,538,Mr. Alexander Kelley,Silver,
4,Store_4,Lake Allison,2091,Note,Grocery,614.94,40,24597.6,796,Taylor Mccarthy,Gold,
3,Store_3,Robinsontown,2020,Me,Furniture,718.67,58,41682.86,595,Jennifer Obrien,Gold,
17,Store_17,Parsonston,2034,Relate,Books,778.08,1,778.08,717,Gwendolyn Tran,Gold,
2,Store_2,Johnstonbury,2011,Claim,Toys,182.72,48,8770.56,683,Melanie Ford,Silver,
4,Store_4,Paulborough,2050,Discuss,Books,52.98,13,688.74,918,Heather Garner,Silver,
1,Store_1,Lake Julieport,2041,Man,Furniture,367.62,38,13969.56,935,Connie Cruz,Gold,
6,Store_6,Jenniferchester,2078,In,Furniture,379.84,21,7976.64,803,Patricia Lambert,Platinum,
6,Store_6,Alexanderland,2100,Down,Books,757.37,8,6058.96,790,Gregory Fletcher,Silver,
1,Store_1,Jeremymouth,2092,Kid,Automotive,375.98,9,3383.82,653,Kelli Tran,Silver,
6,Store_6,Carneyland,2037,Color,Grocery,298.16,55,16398.8,703,Luis Carter,Silver,
8,Store_8,Port Kenneth,2100,Ever,Furniture,350.93,35,12282.55,748,Tracey Turner,Gold,
14,Store_14,Garciahaven,2043,Second,Grocery,29.4,56,1646.4,629,Taylor Burns,Silver,
9,Store_9,Jonesside,2013,Store,Toys,588.98,41,24148.18,759,Reginald Jones,Silver,
7,Store_7,West Justinmouth,2050,Join,Toys,435.31,8,3482.48,910,Stephen Clark,Silver,
15,Store_15,East Thomas,2089,Network,Furniture,56.52,52,2939.04,571,Jimmy Hughes,Gold,
10,Store_10,West Bradley,2054,Sit,Books,636.67,15,9550.05,668,Patricia Nelson,Platinum,
12,Store_12,New Tiffany,2096,Near,Books,772.51,18,13905.18,705,Gregory Gonzalez,Gold,
20,Store_20,Jasonshire,2069,Similar,Automotive,91.24,13,1186.12,884,Derek Porter,Platinum,
9,Store_9,Jonesburgh,2017,Including,Furniture,204.07,38,7754.66,909,Gilbert Flores,Platinum,
18,Store_18,New Cheryl,2079,Read,Furniture,327.56,16,5240.96,978,Timothy Lane,Platinum,
11,Store_11,Wardberg,2056,Record,Grocery,607.48,16,9719.68,879,Spencer Moore,Silver,
8,Store_8,New Tamaraberg,2097,Nearly,Furniture,251.43,29,7291.47,711,Rachel Davis,Gold,
9,Store_9,Bradleymouth,2043,Interest,Furniture,724.8,30,21744,932,Betty Crawford,Gold,
13,Store_13,West Jamesfort,2086,Understand,Toys,121.31,10,1213.1,561,Erika Moore,Platinum,
12,Store_12,Martinmouth,2026,Senior,Grocery,105,56,5880,739,Anthony Martinez,Silver,
18,Store_18,Cynthiastad,2042,Hotel,Toys,354.17,40,14166.8,967,Nicholas Davis,Platinum,
11,Store_11,Aprilfurt,2035,Sense,Automotive,266.08,8,2128.64,826,Leroy Clayton,Gold,
7,Store_7,West Kimberlyshire,2058,Hair,Toys,473.15,40,18926,623,Cory Gibson,Platinum,
12,Store_12,East Mark,2025,Trouble,Books,731.75,57,41709.75,743,Timothy Chavez,Gold,
2,Store_2,North Danielbury,2038,Tend,Automotive,484.59,55,26652.45,894,Devon Bailey,Silver,
12,Store_12,Webbmouth,2036,Cut,Books,234.93,12,2819.16,512,Michael Long,Gold,
17,Store_17,Nicholsmouth,2015,Outside,Automotive,539.6,37,19965.2,693,Christopher Soto,Platinum,
3,Store_3,Princestad,2074,Tree,Grocery,388.33,54,20969.82,571,Sarah White,Silver,
11,Store_11,Lake Kennethville,2020,Reveal,Furniture,553.13,33,18253.29,523,Sheila Tucker,Gold,
17,Store_17,New Catherineview,2003,Probably,Automotive,402.26,25,10056.5,861,Susan Kelley,Gold,
2,Store_2,North Krystalstad,2099,Agent,Grocery,679.33,36,24455.88,662,Karen Johnson,Gold,
3,Store_3,New Peggychester,2067,Pretty,Books,514.79,12,6177.48,780,David Blankenship,Gold,
16,Store_16,Perezmouth,2031,Culture,Toys,691.65,48,33199.2,527,Michael Martin,Gold,
17,Store_17,Morganstad,2100,Listen,Toys,727.19,34,24724.46,932,Brad Tran DDS,Gold,
14,Store_14,New Sandrashire,2014,Step,Grocery,729.12,9,6562.08,966,James Grant,Platinum,
8,Store_8,New Rachaelfort,2000,Specific,Automotive,132.55,30,3976.5,739,Kimberly Jackson,Platinum,
19,Store_19,Lake Joshuaside,2024,List,Grocery,470.61,59,27765.99,937,Tara Ramsey,Platinum,
1,Store_1,Martinville,2066,Shoulder,Grocery,508.24,54,27444.96,759,Steven Hatfield,Silver,
6,Store_6,Brownbury,2030,Form,Grocery,723.11,15,10846.65,951,Mark Santos,Platinum,
13,Store_13,Lake Tracyport,2005,Ready,Books,514.25,38,19541.5,502,Jordan Todd,Silver,
15,Store_15,Rothside,2071,A,Toys,649.12,58,37648.96,771,Robert Nicholson,Platinum,
8,Store_8,Port Jenniferchester,2012,Light,Books,168.66,34,5734.44,811,Timothy Wilson,Silver,
3,Store_3,Wilsonside,2081,Member,Automotive,78.14,49,3828.86,834,Julie Thompson,Platinum,
10,Store_10,Friedmanport,2052,That,Books,752.95,35,26353.25,522,Nicholas Owens,Gold,
16,Store_16,Haneytown,2050,At,Books,173.05,38,6575.9,720,Kara Taylor,Silver,
17,Store_17,Harrisonshire,2078,Sometimes,Grocery,53.76,55,2956.8,780,Nicole Jackson,Platinum,
11,Store_11,North Derek,2038,Source,Automotive,569.77,21,11965.17,733,Brian Martinez,Silver,
15,Store_15,Jacksonfort,2069,Here,Grocery,215.75,19,4099.25,985,John Miller,Gold,
2,Store_2,Shepherdton,2052,View,Automotive,100.16,19,1903.04,799,Eric Clark,Platinum,
10,Store_10,New Cassie,2000,Officer,Books,755.94,21,15874.74,685,Miguel Campbell,Gold,
7,Store_7,Bullocktown,2070,Small,Furniture,108.34,37,4008.58,602,Patricia Campbell,Platinum,
15,Store_15,Tammyshire,2019,Put,Books,261.34,45,11760.3,716,April Salazar,Gold,
15,Store_15,New Christina,2067,Behavior,Toys,161.35,35,5647.25,854,Eric Andrews,Gold,
12,Store_12,Nicholeborough,2019,Along,Furniture,60.62,17,1030.54,683,Kristin Williamson,Gold,
9,Store_9,Randyville,2040,Open,Toys,715.14,53,37902.42,961,Manuel Johnson,Platinum,
7,Store_7,West David,2039,Soldier,Books,463.03,54,25003.62,875,Jose Edwards,Silver,
5,Store_5,Port Raymondchester,2068,Less,Furniture,680.16,34,23125.44,655,Maria Hughes,Silver,
4,Store_4,Blakeberg,2061,First,Toys,791.32,19,15035.08,583,Jeremiah Martinez,Silver,
12,Store_12,South Christine,2061,Music,Automotive,446.73,40,17869.2,597,Mr. Greg Reed DDS,Silver,
12,Store_12,New Bethmouth,2096,Your,Grocery,736.87,60,44212.2,805,Antonio Pierce,Gold,
11,Store_11,New Renee,2100,Per,Automotive,761.19,20,15223.8,698,Jessica Garcia,Silver,
2,Store_2,Russellfurt,2073,Coach,Books,728.08,32,23298.56,653,Michael White,Silver,
13,Store_13,West Shawnfort,2031,Rate,Grocery,439.45,13,5712.85,929,Roberto Fisher,Platinum,
16,Store_16,South Daniel,2065,Stay,Furniture,262.43,11,2886.73,723,John Rodriguez,Gold,
20,Store_20,Davidshire,2002,Training,Grocery,605.01,11,6655.11,924,Richard Ware,Gold,
4,Store_4,West Samantha,2096,Together,Grocery,409.44,15,6141.6,896,Wendy Perez,Platinum,
13,Store_13,Lake Susan,2019,Teach,Grocery,499.68,40,19987.2,969,Jennifer Willis,Gold,
11,Store_11,South Holly,2084,Important,Furniture,180.67,43,7768.81,880,Connor Robertson,Platinum,
18,Store_18,Cindymouth,2070,Resource,Books,741.02,27,20007.54,506,Benjamin Martin,Gold,
12,Store_12,Michaelland,2039,Decision,Books,308.5,25,7712.5,550,David Edwards,Platinum,
15,Store_15,Howardport,2085,Maintain,Grocery,352.46,41,14450.86,577,Alexander Schneider,Gold,
9,Store_9,New Kenneth,2062,Must,Grocery,191,9,1719,509,Michelle Vega,Gold,
19,Store_19,Angelicastad,2095,All,Books,446.11,47,20967.17,699,Nicholas Jennings,Platinum,
4,Store_4,North Kristin,2007,Office,Furniture,551.77,53,29243.81,985,David Scott,Gold,
9,Store_9,West Alan,2019,Positive,Grocery,314.05,32,10049.6,848,Yesenia Howard,Gold,
14,Store_14,Port Steven,2052,Level,Furniture,632.3,56,35408.8,566,Erik Bond,Silver,
11,Store_11,Ashleyview,2034,Even,Automotive,450.7,51,22985.7,601,Steven Simmons,Platinum,
15,Store_15,New Benjaminton,2019,Include,Grocery,407.11,41,16691.51,762,Michael Williams,Platinum,
12,Store_12,Port Amymouth,2098,This,Grocery,568.73,60,34123.8,815,Derek Jensen,Platinum,
18,Store_18,New Troy,2061,Our,Books,463.64,6,2781.84,774,Grace Wilson,Silver,
18,Store_18,Kennethfurt,2023,Face,Books,34.89,30,1046.7,707,Xavier Garcia,Silver,
3,Store_3,New Andrewhaven,2087,Student,Grocery,706.75,37,26149.75,686,Samantha Mason,Platinum,
3,Store_3,Lopezside,2036,Store,Automotive,41.07,13,533.91,501,Kyle Benson,Gold,
8,Store_8,Lake John,2057,Walk,Automotive,308.1,14,4313.4,515,Joseph Jones,Silver,
7,Store_7,Wandaburgh,2017,Spend,Grocery,345.09,7,2415.63,724,Bruce Robinson,Platinum,
8,Store_8,West Dillonmouth,2090,Cut,Books,619.74,51,31606.74,642,Jennifer Smith,Gold,
13,Store_13,Alexaton,2074,Real,Furniture,678.65,4,2714.6,744,Kevin Patel,Gold,
18,Store_18,Whiteton,2001,Couple,Toys,77.54,35,2713.9,820,Jordan Richards,Gold,
18,Store_18,East Jamesstad,2032,Consumer,Automotive,566.01,8,4528.08,806,Maria Soto,Gold,
16,Store_16,Princeview,2005,Well,Books,788.18,50,39409,782,Cody Garcia,Silver,
7,Store_7,South Maryland,2037,Me,Books,353.74,19,6721.06,641,Taylor Jackson,Gold,
12,Store_12,Mckinneyfort,2045,Everyone,Grocery,137.19,39,5350.41,571,Alexander Edwards,Gold,
3,Store_3,South Danielle,2044,Become,Grocery,342.95,28,9602.6,769,Jessica Wood,Platinum,
10,Store_10,West Luistown,2061,For,Toys,481.73,44,21196.12,951,Andrew Garcia,Platinum,
6,Store_6,Teresashire,2016,Development,Grocery,529.96,57,30207.72,868,Melissa Parker,Platinum,
9,Store_9,Johnsonmouth,2082,Line,Toys,85.35,49,4182.15,768,Anthony Braun,Silver,
15,Store_15,West Mitchellside,2051,Detail,Grocery,213.99,60,12839.4,770,Laurie Riddle,Gold,
7,Store_7,Lake Meredithmouth,2036,Program,Automotive,251.16,54,13562.64,995,Victoria Dickerson,Gold,
10,Store_10,Rachelbury,2034,Who,Books,431,41,17671,564,Karen Boyd,Silver,
11,Store_11,South Johnfurt,2087,Might,Grocery,640.45,14,8966.3,606,Lauren Meyer,Silver,
14,Store_14,Juliaville,2060,Create,Toys,205.16,56,11488.96,588,Tonya Mcbride,Silver,
4,Store_4,East William,2024,Various,Grocery,273.45,45,12305.25,708,Matthew Underwood,Gold,
7,Store_7,West Mark,2084,Range,Automotive,42.4,38,1611.2,611,Lori Warren PhD,Gold,
17,Store_17,Stephaniebury,2098,Weight,Furniture,77.01,37,2849.37,684,Cody Ball,Silver,
8,Store_8,Lake Elizabethmouth,2059,Life,Books,136.65,11,1503.15,776,Gary Brown,Platinum,
5,Store_5,New Anthony,2078,Option,Grocery,20.56,34,699.04,833,Melissa Hernandez,Platinum,
6,Store_6,North Shelley,2076,Food,Grocery,186.2,39,7261.8,644,Charles Rodgers,Silver,
6,Store_6,Lake Stevenshire,2003,Alone,Furniture,218.69,11,2405.59,886,Gary Tate,Platinum,
10,Store_10,Vasquezborough,2003,Like,Automotive,124.64,52,6481.28,699,Leroy Johnson,Platinum,
13,Store_13,Josephbury,2070,Skin,Grocery,98.72,48,4738.56,586,Christina Gordon,Silver,
1,Store_1,Michealfort,2028,Day,Toys,396.24,44,17434.56,704,Amber Joseph,Silver,
9,Store_9,Perkinsside,2081,Right,Furniture,42.57,9,383.13,631,Corey Gomez,Gold,
8,Store_8,Tonyaport,2046,Skill,Toys,527.01,12,6324.12,647,Leon Jenkins,Platinum,
18,Store_18,Tonifort,2013,Trade,Books,615.06,49,30137.94,658,Wayne Campbell,Gold,
7,Store_7,Greerbury,2025,Reveal,Books,337.82,29,9796.78,937,Meghan Harris,Platinum,
6,Store_6,Bernardfort,2044,Car,Grocery,44.24,57,2521.68,752,Jimmy Cooper,Gold,
9,Store_9,East Brittanyfort,2045,Practice,Books,626.35,47,29438.45,770,Carol Miles,Platinum,
3,Store_3,New Kristin,2081,About,Furniture,74.14,25,1853.5,955,Jennifer Howe,Platinum,
6,Store_6,Ramirezfurt,2054,Blue,Automotive,783.69,33,25861.77,729,Rachel Baker,Silver,
16,Store_16,South Cody,2090,Hundred,Toys,452.34,24,10856.16,804,Jeffrey King,Platinum,
14,Store_14,Port Lauren,2093,Different,Grocery,669,20,13380,642,Luis Pitts,Gold,
3,Store_3,Kellybury,2025,Above,Books,73.42,44,3230.48,685,Raymond Duran,Platinum,
19,Store_19,Rayshire,2060,Up,Grocery,752.48,12,9029.76,643,Bryce Jones,Platinum,
6,Store_6,Nathanbury,2022,Floor,Books,678.03,26,17628.78,908,Curtis Koch,Silver,
18,Store_18,Ibarrafort,2056,Military,Automotive,194.98,23,4484.54,503,John Potter,Platinum,
1,Store_1,Snyderland,2098,Strong,Furniture,438.98,25,10974.5,652,Danny Thompson,Platinum,
20,Store_20,Lake Geoffreytown,2034,Entire,Toys,604.47,55,33245.85,554,Antonio Walters,Silver,
3,Store_3,Lake Kelsey,2003,Cover,Automotive,576.11,50,28805.5,574,Jeffery Cox,Platinum,
2,Store_2,Brendaview,2082,Whether,Books,686.66,25,17166.5,846,James Morgan,Gold,
4,Store_4,Harringtonland,2083,Oil,Furniture,131.87,5,659.35,538,David Gutierrez,Platinum,
11,Store_11,South Williambury,2091,Store,Automotive,123.87,1,123.87,683,Alice Guerrero,Gold,
10,Store_10,North Daniel,2076,Bad,Books,741.15,47,34834.05,878,Richard Johnson,Silver,
5,Store_5,West Jackton,2063,Join,Furniture,157.32,25,3933,954,Leah Simon,Platinum,
5,Store_5,Velasquezmouth,2061,Guess,Toys,471.52,29,13674.08,849,Melissa Williams,Silver,
16,Store_16,New Heather,2080,Interview,Grocery,109.01,53,5777.53,889,April Mercer,Platinum,
12,Store_12,Samanthaville,2020,Political,Grocery,536.8,56,30060.8,586,Danielle Powers,Platinum,
4,Store_4,Petersonburgh,2065,Letter,Furniture,206.64,36,7439.04,514,Christopher Willis,Gold,
11,Store_11,South Timothy,2062,Resource,Books,344.91,50,17245.5,745,Sherry Lozano,Platinum,
19,Store_19,Leeberg,2085,Plant,Furniture,606.35,12,7276.2,618,Valerie Watson,Silver,
14,Store_14,Caldwellton,2087,Minute,Books,473.53,24,11364.72,762,Jesus Frederick,Silver,
19,Store_19,South Marymouth,2032,Allow,Books,178.97,32,5727.04,924,Patrick Peters,Platinum,
7,Store_7,Tylerland,2027,Discussion,Books,610.18,35,21356.3,652,Larry Lane,Silver,
15,Store_15,North Terry,2002,Your,Automotive,676.63,53,35861.39,604,Jason Lewis,Silver,
11,Store_11,South Samantha,2060,Difficult,Toys,152.9,9,1376.1,963,Cynthia Arnold,Gold,
14,Store_14,Port Jenniferton,2093,Last,Toys,165.16,31,5119.96,690,David Stewart,Gold,
2,Store_2,Parkerview,2074,Property,Furniture,568.26,24,13638.24,766,John Reed,Silver,
1,Store_1,Gardnerland,2040,Event,Automotive,504.9,14,7068.6,710,Robert Moyer,Silver,
15,Store_15,Roychester,2090,Cultural,Automotive,492.65,13,6404.45,885,Beverly Adams,Gold,
15,Store_15,Wandaton,2001,Class,Toys,226.62,10,2266.2,677,Thomas House,Silver,
2,Store_2,Cummingsborough,2077,Board,Grocery,175.8,55,9669,896,Bryan Santiago,Gold,
7,Store_7,Port Justin,2007,Nothing,Grocery,186.27,26,4843.02,590,Kevin Dickerson,Silver,
14,Store_14,South Chad,2016,Power,Furniture,214.51,24,5148.24,712,Jeffery Alvarez,Silver,
10,Store_10,South Chelseashire,2042,Ready,Automotive,87.32,7,611.24,724,Julian Luna,Platinum,
3,Store_3,Jonesburgh,2095,Senior,Toys,417.47,28,11689.16,685,Jennifer Thomas,Platinum,
11,Store_11,North Fredmouth,2098,Energy,Toys,483.46,22,10636.12,586,Leah Torres,Silver,
11,Store_11,Deckertown,2032,Officer,Automotive,203.28,14,2845.92,612,Cheryl Smith,Silver,
4,Store_4,Port Catherine,2052,Individual,Furniture,487.95,12,5855.4,786,Amy Gordon,Platinum,
19,Store_19,Evantown,2040,Local,Books,616.07,42,25874.94,504,Peggy Paul,Silver,
6,Store_6,Chadshire,2038,Free,Furniture,409.93,10,4099.3,618,Joshua Richardson,Silver,
19,Store_19,Lake Nathanielstad,2017,Range,Grocery,388.83,28,10887.24,679,Shannon Mitchell,Silver,
10,Store_10,Brianchester,2089,Issue,Books,68.61,2,137.22,635,Misty Mitchell,Gold,
11,Store_11,Michelleshire,2068,Source,Grocery,222.76,4,891.04,712,Alyssa White,Silver,
16,Store_16,Lake Matthew,2049,Floor,Automotive,465.64,26,12106.64,748,Jacob Ramirez,Gold,
6,Store_6,Lewischester,2037,Quite,Furniture,26.94,58,1562.52,921,Tyler Fields,Silver,
15,Store_15,North Cynthiaport,2050,Animal,Furniture,309.92,56,17355.52,581,Debra Glover,Silver,
4,Store_4,West Joseside,2010,Test,Toys,730.95,50,36547.5,549,Kristin Rowe,Silver,
18,Store_18,South Robertfurt,2017,Five,Automotive,492.48,20,9849.6,595,Jeremy Flores,Platinum,
10,Store_10,Lisaville,2083,By,Toys,138.63,46,6376.98,661,Destiny Miller,Gold,
10,Store_10,Joshuachester,2030,Policy,Furniture,309.49,31,9594.19,724,Zachary Logan,Gold,
14,Store_14,Leton,2038,Even,Grocery,286.9,58,16640.2,749,Lauren Young,Gold,
15,Store_15,Jonesmouth,2069,National,Books,371.09,35,12988.15,995,Nancy Gonzales,Platinum,
7,Store_7,Ballland,2050,Strong,Automotive,344.22,48,16522.56,896,Joe Brown,Silver,
20,Store_20,West Desiree,2019,West,Automotive,14.39,21,302.19,741,Daniel Smith,Platinum,
20,Store_20,New Maria,2009,Life,Books,98.62,60,5917.2,924,Bonnie Duncan,Silver,
14,Store_14,Tylerville,2007,Good,Books,171.68,55,9442.4,958,Scott Lopez,Platinum,
6,Store_6,Erikburgh,2001,Per,Furniture,91.06,10,910.6,890,Jacob Rivas,Platinum,
2,Store_2,South David,2079,Democratic,Automotive,466.22,36,16783.92,626,Alexander Carlson,Gold,
18,Store_18,Jessicaton,2094,Take,Furniture,394.55,25,9863.75,787,Chelsea Norman,Gold,
7,Store_7,South Mark,2078,North,Books,587.43,16,9398.88,877,Robert Craig,Platinum,
6,Store_6,Elizabethmouth,2063,Window,Automotive,273.56,44,12036.64,798,Jonathan Avery,Platinum,
19,Store_19,Courtneystad,2081,Only,Toys,366.32,32,11722.24,940,Melissa Stokes,Silver,
16,Store_16,Tranberg,2029,Sense,Furniture,739,10,7390,537,Dustin Massey,Silver,
11,Store_11,Amytown,2092,Here,Automotive,516.59,24,12398.16,927,Jessica White,Silver,
20,Store_20,Jamieview,2060,Coach,Automotive,648.6,36,23349.6,681,Tina Castro,Gold,
12,Store_12,New Patrickville,2080,Term,Grocery,47.2,35,1652,788,Troy Thomas,Silver,
13,Store_13,West Shaneview,2007,Throughout,Books,285.29,30,8558.7,748,Jessica Fuller,Silver,
8,Store_8,Reedbury,2009,Machine,Automotive,603.88,30,18116.4,508,Mike Horton,Gold,
11,Store_11,South Christopherberg,2083,Peace,Automotive,729.9,60,43794,521,Deanna Miller,Gold,
7,Store_7,Davidtown,2007,Strong,Toys,70.57,4,282.28,751,Franklin Hughes,Silver,
1,Store_1,Randallside,2000,Born,Automotive,619.95,45,27897.75,998,Mrs. Vanessa Nguyen,Gold,
16,Store_16,West Triciaside,2023,Assume,Books,186.74,17,3174.58,940,Danny Ramos,Gold,
20,Store_20,Bridgesmouth,2040,Defense,Books,545.61,23,12549.03,965,Ann Lee,Platinum,
18,Store_18,Saramouth,2056,Whom,Grocery,787.86,46,36241.56,720,Denise Wilson MD,Gold,
16,Store_16,Padillashire,2074,Here,Books,662.73,12,7952.76,887,Shawna Stone,Gold,
10,Store_10,Sheilabury,2078,Individual,Grocery,365.96,8,2927.68,983,Molly Colon,Silver,
16,Store_16,North Stephen,2100,Word,Automotive,454.84,57,25925.88,673,Tammy Lam,Platinum,
14,Store_14,Adamsfurt,2097,Interview,Toys,189.57,31,5876.67,977,Sierra Santos,Platinum,
3,Store_3,Lake Brandon,2010,Should,Toys,171.76,55,9446.8,822,Linda Howard,Silver,
11,Store_11,Nicholaschester,2001,Evidence,Books,409.36,35,14327.6,607,Ryan Pierce,Platinum,
20,Store_20,North Colleenstad,2065,Push,Books,191.04,6,1146.24,863,Dawn Martin,Platinum,
12,Store_12,West Marisahaven,2067,Room,Furniture,60.61,11,666.71,751,Omar Rodriguez,Silver,
5,Store_5,New Shawna,2094,Focus,Automotive,18.83,19,357.77,599,Latoya Murray,Gold,
9,Store_9,Port Karen,2083,Summer,Books,724.93,38,27547.34,651,Tara Anderson,Gold,
1,Store_1,South Melissachester,2091,Every,Toys,512.27,24,12294.48,918,Larry Morgan,Silver,
15,Store_15,West Benjaminfurt,2040,Ok,Grocery,338.28,22,7442.16,914,Ronnie Golden,Platinum,
2,Store_2,East Moniqueport,2051,Method,Toys,344.22,15,5163.3,522,Michael Hutchinson,Gold,
18,Store_18,New Hollyport,2098,Father,Books,412.24,52,21436.48,585,Heather Barnett,Silver,
5,Store_5,Soliston,2088,During,Grocery,201.91,36,7268.76,891,Robert Ortiz,Gold,
10,Store_10,Trantown,2097,Including,Toys,565.73,46,26023.58,685,Sue Gillespie,Gold,
2,Store_2,South Ashley,2045,Order,Grocery,654.01,11,7194.11,967,George Brown,Platinum,
1,Store_1,Markview,2083,Upon,Furniture,441.39,47,20745.33,979,Lisa Dorsey,Gold,
18,Store_18,Joychester,2059,Can,Furniture,594.22,40,23768.8,528,Mary Jacobs,Silver,
9,Store_9,Harrisonmouth,2045,Close,Furniture,511.81,14,7165.34,693,Nicholas Holt,Gold,
4,Store_4,Wendymouth,2023,Partner,Toys,74.48,39,2904.72,931,Angela Anderson,Platinum,
20,Store_20,Lauraport,2066,Student,Grocery,702.19,49,34407.31,519,Jordan Estrada,Platinum,
10,Store_10,Lisashire,2038,Material,Furniture,454.32,4,1817.28,578,Dean Vance,Silver,
1,Store_1,New Ryan,2062,Question,Furniture,662.55,6,3975.3,690,Michael Phillips,Gold,
10,Store_10,Salazarbury,2099,Special,Toys,186.88,19,3550.72,746,Matthew Nielsen,Platinum,
13,Store_13,South Ashley,2093,Sign,Books,478.1,31,14821.1,901,Mrs. Dawn Murphy,Platinum,
20,Store_20,Travisberg,2016,Star,Books,568.96,54,30723.84,556,Lauren Cruz,Platinum,
14,Store_14,Hobbsfort,2028,Difficult,Books,203.61,3,610.83,973,David Oneal,Platinum,
